time,oveTZonSet_u,reaTZon_y
691200,288.15,288.1493159431588
691230,288.15,288.14933725784897
691260,288.15,288.1493624745004
691290,288.15,288.1493914561793
691320,288.15,288.1494241688281
691350,288.15,288.1494604127002
691380,288.15,288.14949976918365
691410,288.15,288.1495417332446
691440,288.15,288.14958574851767
691470,288.15,288.14963122887906
691500,288.15,288.14967757134366
691530,288.15,288.14972416606923
691560,288.15,288.1497704051176
691590,288.15,288.14981569062826
691620,288.15,288.14985944259007
691650,288.15,288.14990110622614
691680,288.15,288.1499401589439
691710,288.15,288.14997611678245
691740,288.15,288.15000854028693
691770,288.15,288.15003703974344
691800,288.15,288.15006128437943
691830,288.15,288.1500810007163
691860,288.15,288.1500959573161
691890,288.15,288.15010599815264
691920,288.15,288.15011103384853
691950,288.15,288.1501110410843
691980,288.15,288.1501060619021
692010,288.15,288.1500962024386
692040,288.15,288.150081630945
692070,288.15,288.15006257506684
692100,288.15,288.15003931840596
692130,288.15,288.1500121964068
692160,288.15,288.1499815916212
692190,288.15,288.1499479284141
692220,288.15,288.1499116671812
692250,288.15,288.14987329815096
692280,288.15,288.14983333485395
692310,288.15,288.1497923073392
692340,288.15,288.14975075522693
692370,288.15,288.1497092206832
692400,288.15,288.14966824140686
692430,288.15,288.1496283437168
692460,288.15,288.14959003582703
692490,288.15,288.14955380139463
692520,288.15,288.1495200934233
692550,288.15,288.14948932859863
692580,288.15,288.1494618821288
692610,288.15,288.1494380831543
692640,288.15,288.14941821078713
692670,288.15,288.1494024908277
692700,288.15,288.14939109320085
692730,288.15,288.1493841301427
692760,288.15,288.149381655159
692790,288.15,288.1493836627648
692820,288.15,288.14939008900666
692850,288.15,288.14940081275444
692880,288.15,288.14941565774217
692910,288.15,288.149434395325
692940,288.15,288.14945674791073
692970,288.15,288.14948239301407
693000,288.15,288.14951096784176
693030,288.15,288.14954207443594
693060,288.15,288.1495752853343
693090,288.15,288.14961014926297
693120,288.15,288.14964619733513
693150,288.15,288.14968294937484
693180,288.15,288.149719920326
693210,288.15,288.1497566266625
693240,288.15,288.1497925927142
693270,288.15,288.1498273568265
693300,288.15,288.1498604772732
693330,288.15,288.14989153784734
693360,288.15,288.1499201530611
693390,288.15,288.14994597289
693420,288.15,288.14996868700615
693450,288.15,288.1499880284508
693480,288.15,288.15000377670606
693510,288.15,288.1500157601324
693540,288.15,288.1500238577497
693570,288.15,288.15002800034415
693600,288.15,288.15002817089726
693630,288.15,288.150024404337
693660,288.15,288.15001678662173
693690,288.15,288.15000545317673
693720,288.15,288.1499905867076
693750,288.15,288.14997241442546
693780,288.15,288.14995120472366
693810,288.15,288.14992726335254
693840,288.15,288.14990092914525
693870,288.15,288.1498725693512
693900,288.15,288.1498425746394
693930,288.15,288.1498113538373
693960,288.15,288.14977932847336
693990,288.15,288.14974692719414
694020,288.15,288.14971458012764
694050,288.15,288.1496827132657
694080,288.15,288.14965174293707
694110,288.15,288.14962207044243
694140,288.15,288.14959407691947
694170,288.15,288.14956811850436
694200,288.15,288.14954452185117
694230,288.15,288.14952358006593
694260,288.15,288.14950554910763
694290,288.15,288.14949064470136
694320,288.15,288.14947903980175
694350,288.15,288.1494708626388
694380,288.15,288.14946619536795
694410,288.15,288.149465073341
694440,288.15,288.1494674850025
694470,288.15,288.1494733724115
694500,288.15,288.14948263237534
694530,288.15,288.1494951181793
694560,288.15,288.1495106418819
694590,288.15,288.1495289771424
694620,288.15,288.1495498625381
694650,288.15,288.14957300532177
694680,288.15,288.1495980855658
694710,288.15,288.1496247606328
694740,288.15,288.1496526699096
694770,288.15,288.1496814397383
694800,288.15,288.14971068846705
694830,288.15,288.1497400315927
694860,288.15,288.1497690869425
694890,288.15,288.14979747967806
694920,288.15,288.1498248472103
694950,288.15,288.14985084386603
694980,288.15,288.1498751452765
695010,288.15,288.1498974524402
695040,288.15,288.14991749541065
695070,288.15,288.1499350365659
695100,288.15,288.1499498734224
695130,288.15,288.1499618409612
695160,288.15,288.14997081343967
695190,288.15,288.14997670566834
695220,288.15,288.1499794737625
695250,288.15,288.1499791153418
695280,288.15,288.1499756691696
695310,288.15,288.1499692142776
695340,288.15,288.149959868571
695370,288.15,288.14994778693966
695400,288.15,288.14993315890507
695430,288.15,288.14991620583675
695460,288.15,288.1498971777775
695490,288.15,288.14987634992224
695520,288.15,288.14985401879665
695550,288.15,288.14983049818875
695580,288.15,288.1498061148862
695610,288.15,288.1497812042763
695640,288.15,288.1497561058662
695670,288.15,288.1497311587815
695700,288.15,288.14970669730275
695730,288.15,288.1496830464962
695760,288.15,288.1496605179971
695790,288.15,288.1496394059987
695820,288.15,288.1496199834984
695850,288.15,288.1496024988506
695880,288.15,288.14958717266813
695910,288.15,288.1495741666763
695940,288.15,288.1495636651554
695970,288.15,288.149555811044
696000,288.15,288.14955069952987
696030,288.15,288.1495483654244
696060,288.15,288.14954881873035
696090,288.15,288.1495520419885
696120,288.15,288.1495579769529
696150,288.15,288.14956651892186
696180,288.15,288.1495775154791
696210,288.15,288.14959081310843
696240,288.15,288.14960622166075
696270,288.15,288.1496235234324
696300,288.15,288.1496424770651
696330,288.15,288.1496628211695
696360,288.15,288.14968427803154
696390,288.15,288.1497065574635
696420,288.15,288.14972936077686
696450,288.15,288.1497523848318
696480,288.15,288.1497753261071
696510,288.15,288.1497978847385
696540,288.15,288.14981976846985
696570,288.15,288.1498407606372
696600,288.15,288.1498605278822
696630,288.15,288.149878812433
696660,288.15,288.14989536120214
696690,288.15,288.1499100207861
696720,288.15,288.1499226108559
696750,288.15,288.1499329665634
696780,288.15,288.149940966018
696810,288.15,288.14994652795406
696840,288.15,288.1499496144386
696870,288.15,288.1499502090167
696900,288.15,288.149948327329
696930,288.15,288.14994401773095
696960,288.15,288.14993736039077
696990,288.15,288.14992846588007
697020,288.15,288.1499174734089
697050,288.15,288.14990454872134
697080,288.15,288.1498898816683
697110,288.15,288.1498736834843
697140,288.15,288.14985618380535
697170,288.15,288.1498376274676
697200,288.15,288.1498182346043
697230,288.15,288.14979830775206
697260,288.15,288.149778127078
697290,288.15,288.14975795863126
697320,288.15,288.14973809474566
697350,288.15,288.14971878011556
697380,288.15,288.149700257245
697410,288.15,288.14968272119694
697440,288.15,288.14966643016965
697470,288.15,288.14965162582683
697500,288.15,288.14963846581657
697530,288.15,288.14962710638054
697560,288.15,288.1496176819661
697590,288.15,288.14961029996584
697620,288.15,288.149605039199
697650,288.15,288.14960194916625
697680,288.15,288.14960104967474
697710,288.15,288.1496023308298
697740,288.15,288.14960575341297
697770,288.15,288.1496112496483
697800,288.15,288.1496187243463
697830,288.15,288.14962805640846
697860,288.15,288.1496391006695
697890,288.15,288.14965169004887
697920,288.15,288.14966563798055
697950,288.15,288.1496807410849
697980,288.15,288.1496967820453
698010,288.15,288.14971353264696
698040,288.15,288.1497307558481
698070,288.15,288.14974819701956
698100,288.15,288.1497656258688
698130,288.15,288.1497828062464
698160,288.15,288.14979950542914
698190,288.15,288.1498154983855
698220,288.15,288.1498305711052
698250,288.15,288.1498445234989
698280,288.15,288.14985717196805
698310,288.15,288.149868351723
698340,288.15,288.1498779188583
698370,288.15,288.1498857520651
698400,288.15,288.14989175406475
698430,288.15,288.1498958528519
698460,288.15,288.14989800273713
698490,288.15,288.1498981848876
698520,288.15,288.1498964074031
698550,288.15,288.14989270498234
698580,288.15,288.14988713821623
698610,288.15,288.14987979253493
698640,288.15,288.14987077683173
698670,288.15,288.14986022178704
698700,288.15,288.1498482779176
698730,288.15,288.14983511338
698760,288.15,288.1498209115584
698790,288.15,288.1498058684709
698820,288.15,288.14979019002925
698850,288.15,288.1497740891897
698880,288.15,288.1497577830329
698910,288.15,288.1497414898124
698940,288.15,288.1497254260107
698970,288.15,288.14970980344174
699000,288.15,288.14969482643863
699030,288.15,288.1496806891628
699060,288.15,288.14966757306985
699090,288.15,288.1496556445657
699120,288.15,288.14964505288197
699150,288.15,288.1496359281985
699180,288.15,288.14962838003686
699210,288.15,288.14962249594424
699240,288.15,288.1496183404802
699270,288.15,288.1496159544891
699300,288.15,288.14961535484264
699330,288.15,288.14961653431385
699360,288.15,288.14961946187896
699390,288.15,288.14962408332735
699420,288.15,288.14963032217895
699450,288.15,288.1496380808955
699480,288.15,288.14964724236734
699510,288.15,288.1496576716536
699540,288.15,288.1496692179492
699570,288.15,288.149681716751
699600,288.15,288.1496949921908
699630,288.15,288.14970885950305
699660,288.15,288.14972312759136
699690,288.15,288.1497376016586
699720,288.15,288.1497520858642
699750,288.15,288.1497663859719
699780,288.15,288.1497803119524
699810,288.15,288.149793680506
699840,288.15,288.14980631747187
699870,288.15,288.14981806009206
699900,288.15,288.1498287591017
699930,288.15,288.1498382806185
699960,288.15,288.1498465078079
699990,288.15,288.1498533423046
700020,288.15,288.1498587053719
700050,288.15,288.14986253878817
700080,288.15,288.14986480544894
700110,288.15,288.149865489681
700140,288.15,288.1498645972657
700170,288.15,288.1498621551747
700200,288.15,288.1498582110235
700230,288.15,288.1498528322536
700260,288.15,288.1498461050551
700290,288.15,288.1498381330479
700320,288.15,288.1498290357396
700350,288.15,288.14981894678357
700380,288.15,288.14980801206156
700410,288.15,288.1497963876175
700440,288.15,288.14978423747203
700470,288.15,288.14977173134656
700500,288.15,288.14975904232944
700530,288.15,288.1497463445147
700560,288.15,288.1497338106454
700590,288.15,288.1497216097939
700620,288.15,288.1497099051089
700650,288.15,288.14969885165993
700680,288.15,288.1496885944068
700710,288.15,288.14967926632187
700740,288.15,288.1496709866879
700770,288.15,288.14966385959457
700800,288.15,288.1496579726521
700830,288.15,288.1496533959381
700860,288.15,288.1496501811903
700890,288.15,288.14964836125455
700920,288.15,288.1496479497939
700950,288.15,288.1496489412605
700980,288.15,288.14965131112893
701010,288.15,288.14965501638636
701040,288.15,288.1496599962678
701070,288.15,288.14966617320493
701100,288.15,288.1496734541039
701130,288.15,288.1496817316661
701160,288.15,288.14969088598
701190,288.15,288.1497007862614
701220,288.15,288.14971129272385
701250,288.15,288.149722258556
701280,288.15,288.14973353197723
701310,288.15,288.1497449583428
701340,288.15,288.14975638226974
701370,288.15,288.1497676497543
701400,288.15,288.14977861025153
701430,288.15,288.1497891186899
701460,288.15,288.1497990373933
701490,288.15,288.1498082378852
701520,288.15,288.1498166025528
701550,288.15,288.14982402614737
701580,288.15,288.1498304171049
701610,288.15,288.1498356986684
701640,288.15,288.1498398717172
701670,288.15,288.14984376801544
701700,288.15,288.1498476988502
701730,288.15,288.14985171686664
701760,288.15,288.1498557953667
701790,288.15,288.14985988146594
701820,288.15,288.1498639143436
701850,288.15,288.1498678318734
701880,288.15,288.14987157337265
701910,288.15,288.1498750810357
701940,288.15,288.14987830089393
701970,288.15,288.14988118357644
702000,288.15,288.1498836856907
702030,288.15,288.149885781127
702060,288.15,288.1498874692512
702090,288.15,288.14988876128785
702120,288.15,288.1498896762696
702150,288.15,288.1498902394138
702180,288.15,288.14989048123863
702210,288.15,288.14989043688274
702240,288.15,288.14989014545944
702270,288.15,288.1498896493957
702300,288.15,288.1498889937455
702330,288.15,288.149888225482
702360,288.15,288.14988739277425
702390,288.15,288.14988654425895
702420,288.15,288.1498857283164
702450,288.15,288.1498849923594
702480,288.15,288.1498843821453
702510,288.15,288.1498839411198
702540,288.15,288.149883709801
702570,288.15,288.1498837252108
702600,288.15,288.14988402036295
702630,288.15,288.14988462381064
702660,288.15,288.1498855592631
702690,288.15,288.1498868452724
702720,288.15,288.1498884949958
702750,288.15,288.14989051603555
702780,288.15,288.1498929103576
702810,288.15,288.1498956742898
702840,288.15,288.1498987985975
702870,288.15,288.1499022686327
702900,288.15,288.14990606457553
702930,288.15,288.1499101617185
702960,288.15,288.1499145308304
702990,288.15,288.1499191385795
703020,288.15,288.14992394800805
703050,288.15,288.149928919054
703080,288.15,288.149934009111
703110,288.15,288.14993917361926
703140,288.15,288.14994436667774
703170,288.15,288.1499495416712
703200,288.15,288.1499546519013
703230,288.15,288.1499596512139
703260,288.15,288.1499644946145
703290,288.15,288.14996913886233
703320,288.15,288.1499735430364
703350,288.15,288.14997766906504
703380,288.15,288.1499814822127
703410,288.15,288.1499849515172
703440,288.15,288.1499880501724
703470,288.15,288.14999075585143
703500,288.15,288.14999305096626
703530,288.15,288.149994922861
703560,288.15,288.149996363937
703590,288.15,288.1499973717083
703620,288.15,288.14999794878736
703650,288.15,288.14999810280216
703680,288.15,288.14999784624615
703710,288.15,288.14999719626354
703740,288.15,288.14999617437394
703770,288.15,288.14999480613983
703800,288.15,288.1499931207827
703830,288.15,288.1499911507528
703860,288.15,288.1499889312589
703890,288.15,288.1499864997656
703920,288.15,288.1499838954634
703950,288.15,288.1499811587212
703980,288.15,288.14997833052695
704010,288.15,288.1499754519254
704040,288.15,288.1499725634595
704070,288.15,288.149969704624
704100,288.15,288.1499669133381
704130,288.15,288.1499642254436
704160,288.15,288.1499616742366
704190,288.15,288.1499592900368
704220,288.15,288.1499570998023
704250,288.15,288.1499551267921
704280,288.15,288.1499533902832
704310,288.15,288.1499519053432
704340,288.15,288.1499506826629
704370,288.15,288.14994972844977
704400,288.15,288.14994904438305
704430,288.15,288.14994862763126
704460,288.15,288.1499484709308
704490,288.15,288.1499485627243
704520,288.15,288.14994888735606
704550,288.15,288.14994942532184
704580,288.15,288.1499501535685
704610,288.15,288.14995104584
704640,288.15,288.149952073063
704670,288.15,288.14995320376676
704700,288.15,288.1499544045383
704730,288.15,288.1499556404904
704760,288.15,288.1499568757512
704790,288.15,288.1499580739618
704820,288.15,288.1499591987765
704850,288.15,288.1499602143582
704880,288.15,288.1499610858622
704910,288.15,288.1499617799027
704940,288.15,288.14996226499545
704970,288.15,288.14996251197005
705000,288.15,288.1499624943477
705030,288.15,288.1499621886787
705060,288.15,288.1499615748364
705090,288.15,288.1499606362625
705120,288.15,288.14995936016226
705150,288.15,288.149957737647
705180,288.15,288.149955763822
705210,288.15,288.14995343781914
705240,288.15,288.149950762775
705270,288.15,288.1499477457546
705300,288.15,288.14994439762233
705330,288.15,288.14994073286215
705360,288.15,288.1499367693505
705390,288.15,288.1499325280851
705420,288.15,288.1499280328732
705450,288.15,288.1499233099846
705480,288.15,288.1499183877741
705510,288.15,288.1499132962789
705540,288.15,288.14990806679606
705570,288.15,288.1499027314471
705600,288.15,288.1498973231749
705630,288.15,288.14989188176935
705660,288.15,288.14988645844994
705690,288.15,288.14988110740944
705720,288.15,288.14987588290853
705750,288.15,288.14987083782427
705780,288.15,288.14986602269096
705810,288.15,288.1498614849336
705840,288.15,288.1498573408453
705870,288.15,288.1498546579568
705900,288.15,288.14985386850896
705930,288.15,288.14985507579996
705960,288.15,288.1498582641598
705990,288.15,288.1498633612998
706020,288.15,288.1498702600694
706050,288.15,288.1498788269317
706080,288.15,288.14988890622584
706110,288.15,288.1499003232036
706140,288.15,288.149912886809
706170,288.15,288.1499263924942
706200,288.15,288.14994062514296
706230,288.15,288.14995536209517
706260,288.15,288.14997037624204
706290,288.15,288.14998543915254
706320,288.15,288.1500003241889
706350,288.15,288.1500148095688
706380,288.15,288.1500286813326
706410,288.15,288.1500417361768
706440,288.15,288.15005378411445
706470,288.15,288.15006465092847
706500,288.15,288.1500741803979
706530,288.15,288.1500822362393
706560,288.15,288.15008870377153
706590,288.15,288.15009349126984
706620,288.15,288.1500965309955
706650,288.15,288.1500977798904
706680,288.15,288.15009721993175
706710,288.15,288.150094858143
706740,288.15,288.1500907262675
706770,288.15,288.15008488010955
706800,288.15,288.1500773985566
706830,288.15,288.15006838229783
706860,288.15,288.15005795225943
706890,288.15,288.1500462477798
706920,288.15,288.1500334245519
706950,288.15,288.1500196523613
706980,288.15,288.1500051126532
707010,288.15,288.14998999596185
707040,288.15,288.14997449923777
707070,288.15,288.1499588231102
707100,288.15,288.14994316912174
707130,288.15,288.14992773697287
707160,288.15,288.1499127218133
707190,288.15,288.1498983116164
707220,288.15,288.1498846846731
707250,288.15,288.1498720072356
707280,288.15,288.14986043134513
707310,288.15,288.1498500928695
707340,288.15,288.14984110977764
707370,288.15,288.14983358067184
707400,288.15,288.1498275835962
707430,288.15,288.14982317513676
707460,288.15,288.14982038982134
707490,288.15,288.1498192398281
707520,288.15,288.1498197150015
707550,288.15,288.1498217831758
707580,288.15,288.14982539079716
707610,288.15,288.1498304638352
707640,288.15,288.14983690896736
707670,288.15,288.1498446150192
707700,288.15,288.14985345463725
707730,288.15,288.14986328616993
707760,288.15,288.149873955729
707790,288.15,288.14988529940035
707820,288.15,288.14989714557413
707850,288.15,288.1499093173586
707880,288.15,288.149921635046
707910,288.15,288.149933918594
707940,288.15,288.14994599009003
707970,288.15,288.14995767616324
708000,288.15,288.149968810313
708030,288.15,288.14997923512163
708060,288.15,288.14998880432273
708090,288.15,288.14999738469817
708120,288.15,288.1500048577796
708150,288.15,288.1500111213328
708180,288.15,288.1500160906074
708210,288.15,288.1500196993368
708240,288.15,288.1500219004775
708270,288.15,288.1500226666828
708300,288.15,288.1500219904938
708330,288.15,288.15001988427065
708360,288.15,288.1500163798496
708390,288.15,288.15001152793894
708420,288.15,288.15000539726384
708450,288.15,288.1499980734738
708480,288.15,288.1499896578297
708510,288.15,288.14998026568946
708540,288.15,288.1499700248158
708570,288.15,288.14995907352846
708600,288.15,288.1499475587293
708630,288.15,288.1499356338259
708660,288.15,288.14992345658425
708690,288.15,288.14991118693916
708720,288.15,288.1498989847926
708750,288.15,288.14988700783044
708780,288.15,288.149875409386
708810,288.15,288.1498643363804
708840,288.15,288.14985392736656
708870,288.15,288.1498443107025
708900,288.15,288.1498356028789
708930,288.15,288.1498279070215
708960,288.15,288.1498213115888
708990,288.15,288.14981588928055
709020,288.15,288.14981169617084
709050,288.15,288.1498087710766
709080,288.15,288.14980713516763
709110,288.15,288.1498067918219
709140,288.15,288.14980772672715
709170,288.15,288.14980990822403
709200,288.15,288.14981328759495
709230,288.15,288.1498177956178
709260,288.15,288.1498233405448
709290,288.15,288.1498298148337
709320,288.15,288.1498370982528
709350,288.15,288.14984506015503
709380,288.15,288.1498535615592
709410,288.15,288.1498624572243
709440,288.15,288.14987159775495
709470,288.15,288.1498808317334
709500,288.15,288.1498900078536
709530,288.15,288.14989897703185
709560,288.15,288.14990759446545
709590,288.15,288.1499157216123
709620,288.15,288.14992322806444
709650,288.15,288.14992999329223
709680,288.15,288.14993590823485
709710,288.15,288.14994087671874
709740,288.15,288.1499448166849
709770,288.15,288.149947661211
709800,288.15,288.14994935931577
709830,288.15,288.14994987653716
709860,288.15,288.1499491952787
709890,288.15,288.1499473149207
709920,288.15,288.14994425169823
709950,288.15,288.1499400383482
709980,288.15,288.1499347235339
710010,288.15,288.1499283710557
710040,288.15,288.1499210588618
710070,288.15,288.1499128778796
710100,288.15,288.14990393064517
710130,288.15,288.14989432983606
710160,288.15,288.14988419664695
710190,288.15,288.1498736590658
710220,288.15,288.14986285007006
710250,288.15,288.14985190576965
710280,288.15,288.1498409635205
710310,288.15,288.14983016003595
710340,288.15,288.1498196295208
710370,288.15,288.1498095018542
710400,288.15,288.14979990084527
710430,288.15,288.1497909425852
710460,288.15,288.14978273391773
710490,288.15,288.1497753710481
710520,288.15,288.14976893830874
710550,288.15,288.14976350709736
710580,288.15,288.14975913500143
710610,288.15,288.1497558651191
710640,288.15,288.1497537255851
710670,288.15,288.1497527293062
710700,288.15,288.14975287390916
710730,288.15,288.1497541418993
710760,288.15,288.1497565010265
710790,288.15,288.1497599048525
710820,288.15,288.14976429350855
710850,288.15,288.14976959463314
710880,288.15,288.1497757244742
710910,288.15,288.1497825891396
710940,288.15,288.1497900859774
710970,288.15,288.1497981050655
711000,288.15,288.1498065307889
711030,288.15,288.14981524348246
711060,288.15,288.1498241211155
711090,288.15,288.1498330409941
711120,288.15,288.1498418814588
711150,288.15,288.14985052355206
711180,288.15,288.14985885263474
711210,288.15,288.1498667599287
711240,288.15,288.14987414396495
711270,288.15,288.14988091191833
711300,288.15,288.14988698081135
711330,288.15,288.1498922785721
711360,288.15,288.1498967449325
711390,288.15,288.14990033215605
711420,288.15,288.1499030055872
711450,288.15,288.1499047440155
711480,288.15,288.14990553985217
711510,288.15,288.1499053991174
711540,288.15,288.149904341241
711570,288.15,288.14990239867996
711600,288.15,288.14989961636087
711630,288.15,288.1498960509549
711660,288.15,288.1498917699981
711690,288.15,288.14988685086894
711720,288.15,288.1498813796399
711750,288.15,288.1498754498183
711780,288.15,288.1498699307227
711810,288.15,288.14987582161706
711840,288.15,288.1498974452507
711870,288.15,288.1499356965469
711900,288.15,288.1499902689847
711930,288.15,288.1500603168844
711960,288.15,288.1501446871082
711990,288.15,288.1502420094279
712020,288.15,288.1503507414992
712050,288.15,288.15046920005966
712080,288.15,288.15059558856524
712110,288.15,288.1507280243669
712140,288.15,288.1508672880038
712170,288.15,288.15104993392146
712200,288.15,288.151290719692
712230,288.15,288.15161600254487
712260,288.15,288.15203236912
712290,288.15,288.15253844292084
712320,288.15,288.153127109032
712350,288.15,288.15378935572096
712380,288.15,288.1545131575892
712410,288.15,288.15527467561805
712440,288.15,288.1560484182397
712470,288.15,288.15681950927893
712500,288.15,288.15758152347655
712530,288.15,288.15834791805275
712560,288.15,288.1591378027858
712590,288.15,288.1599750828054
712620,288.15,288.16087178503705
712650,288.15,288.1617769681595
712680,288.15,288.1626400660609
712710,288.15,288.1634998832948
712740,288.15,288.1644109005159
712770,288.15,288.16535164814724
712800,288.15,288.16626831793593
712830,288.15,288.16710891412856
712860,288.15,288.16783853951677
712890,288.15,288.168465736743
712920,288.15,288.1690085640396
712950,288.15,288.16947884858
712980,288.15,288.16990029793385
713010,288.15,288.17037652512323
713040,288.15,288.1710363943765
713070,288.15,288.1717675970871
713100,288.15,288.1724487469528
713130,288.15,288.17309442489994
713160,288.15,288.1737324800681
713190,288.15,288.17432744739654
713220,288.15,288.1748343524838
713250,288.15,288.17523759304254
713280,288.15,288.1755309462074
713310,288.15,288.1757241578306
713340,288.15,288.17582211747833
713370,288.15,288.17579628630017
713400,288.15,288.17563399778237
713430,288.15,288.1754329453249
713460,288.15,288.1753033464621
713490,288.15,288.17520178361275
713520,288.15,288.17502550189636
713550,288.15,288.17480834162427
713580,288.15,288.17459835200043
713610,288.15,288.1744151718518
713640,288.15,288.1742647813732
713670,288.15,288.174076495805
713700,288.15,288.1737997056573
713730,288.15,288.1734254942828
713760,288.15,288.1729611818112
713790,288.15,288.172415627849
713820,288.15,288.1718072197232
713850,288.15,288.17119956305373
713880,288.15,288.17065070381904
713910,288.15,288.1701553142694
713940,288.15,288.16969019334266
713970,288.15,288.16924979065357
714000,288.15,288.1688340588301
714030,288.15,288.16843782784736
714060,288.15,288.168059938062
714090,288.15,288.1677509102513
714120,288.15,288.16755804683055
714150,288.15,288.16740406238995
714180,288.15,288.17733200215343
714210,288.15,288.23241216373543
714240,288.15,288.3010894713576
714270,288.15,288.3688064948564
714300,288.15,288.43505088351424
714330,288.15,288.49992354478167
714360,288.15,288.5634881730721
714390,288.15,288.62581307224826
714420,288.15,288.68696228873984
714450,288.15,288.74694723403564
714480,288.15,288.80576819532814
714510,288.15,288.86342854879047
714540,288.15,288.91992450894645
714570,288.15,288.975263376404
714600,288.15,289.0294551163419
714630,288.15,289.08252404376435
714660,288.15,289.13444601544074
714690,288.15,289.18518676004214
714720,288.15,289.23472302079574
714750,288.15,289.28305845412694
714780,288.15,289.33014621452094
714810,288.15,289.3759509159273
714840,288.15,289.4205310706071
714870,288.15,289.46392388310244
714900,288.15,289.5061407454576
714930,288.15,289.54718846573235
714960,288.15,289.5873438905091
714990,288.15,289.62674163940073
715020,288.15,289.6651276452982
715050,288.15,289.70240010294896
715080,288.15,289.7386227823299
715110,288.15,289.77383628798134
715140,288.15,289.8080632430312
715170,288.15,289.8413279215873
715200,288.15,289.8737301568428
715230,288.15,289.9053220913652
715260,288.15,289.9361188848396
715290,288.15,289.96613601276
715320,288.15,289.9953904215151
715350,288.15,290.0238976194917
715380,288.15,290.0516743649617
715410,288.15,290.0787412767932
715440,288.15,290.10516198614016
715470,288.15,290.1309776420917
715500,288.15,290.1561992585504
715530,288.15,290.1808407100817
715560,288.15,290.2049143947255
715590,288.15,290.2284312147196
715620,288.15,290.2514023378433
715650,288.15,290.2738383257885
715680,288.15,290.29568574380534
715710,288.15,290.3169282460067
715740,288.15,290.33758406507445
715770,288.15,290.3576812010024
715800,288.15,290.3774824757076
715830,288.15,290.3970946345544
715860,288.15,290.41636927635244
715890,288.15,290.4352503612417
715920,288.15,290.4537450342982
715950,288.15,290.4718612381944
715980,288.15,290.48960685188933
716010,288.15,290.50698861704865
716040,288.15,290.52401298217274
716070,288.15,290.540684388883
716100,288.15,290.55700383480416
716130,288.15,290.5729728575061
716160,288.15,290.58859887593496
716190,288.15,290.60388998413714
716220,288.15,290.6188535031568
716250,288.15,290.63348581081624
716280,288.15,290.6475498657736
716310,288.15,290.66095496721766
716340,288.15,290.67369725689997
716370,288.15,290.6857892048403
716400,288.15,290.69725542769754
716430,294.15,290.65720827260947
716460,294.15,290.62531876478386
716490,294.15,290.60125016368085
716520,294.15,290.5852535415972
716550,294.15,290.5772137553375
716580,294.15,290.5770479790053
716610,294.15,290.5846323394528
716640,294.15,290.5994990122028
716670,294.15,290.62127088461597
716700,294.15,290.6497377197479
716730,294.15,290.6846314511151
716760,294.15,290.7259489083099
716790,294.15,290.77350568783424
716820,294.15,290.8270083487577
716850,294.15,290.8861186201334
716880,294.15,290.9504754183547
716910,294.15,291.01967724783333
716940,294.15,291.09299448022097
716970,294.15,291.1699199595106
717000,294.15,291.25057863797355
717030,294.15,291.33479672270687
717060,294.15,291.4222373352376
717090,294.15,291.5124870338475
717120,294.15,291.60462970208016
717150,294.15,291.6980683468288
717180,294.15,291.79245962577096
717210,294.15,291.8874784246386
717240,294.15,291.9828162095663
717270,294.15,292.0781864522284
717300,294.15,292.17332413211926
717330,294.15,292.2679593207401
717360,294.15,292.36160411688354
717390,294.15,292.4539401654582
717420,294.15,292.54480117378847
717450,294.15,292.63400103259335
717480,294.15,292.7209648624913
717510,294.15,292.8054605071214
717540,294.15,292.88831139013297
717570,294.15,292.96982040627233
717600,294.15,293.0499036583587
717630,294.15,293.1284254753655
717660,294.15,293.2045968268348
717690,294.15,293.2781287885997
717720,294.15,293.349678754792
717750,294.15,293.4195235237657
717780,294.15,293.48764397792
717810,294.15,293.5540257645931
717840,294.15,293.61866300454454
717870,294.15,293.6815550957657
717900,294.15,293.7427059921955
717930,294.15,293.802104549897
717960,294.15,293.8595434776956
717990,294.15,293.9150032846138
718020,294.15,293.96913721727
718050,294.15,294.02220508204067
718080,294.15,294.0739072658213
718110,294.15,294.12412574409655
718140,294.15,294.1728759376487
718170,294.15,294.2201775817938
718200,294.15,294.2660500199233
718230,294.15,294.3105136602244
718260,294.15,294.3535890856858
718290,294.15,294.39527615284135
718320,294.15,294.4353485781224
718350,294.15,294.4737427402717
718380,294.15,294.51063341014964
718410,294.15,294.5461106298051
718440,294.15,294.58020380595457
718470,294.15,294.6130025506464
718500,294.15,294.6452045782682
718530,294.15,294.67702835896097
718560,294.15,294.70764538055454
718590,294.15,294.73672753318215
718620,294.15,294.7644476577617
718650,294.15,294.7908953104149
718680,294.15,294.816097067027
718710,294.15,294.8400765352834
718740,294.15,294.86285791518236
718770,294.15,294.8844646272801
718800,294.15,294.90491918993905
718830,294.15,294.92424356253406
718860,294.15,294.9424590539309
718890,294.15,294.959586302511
718920,294.15,294.9756451130591
718950,294.15,294.9906829813474
718980,294.15,295.0049783362001
719010,294.15,295.0186607371227
719040,294.15,295.03172891427823
719070,294.15,295.0441562714822
719100,294.15,295.05566738792174
719130,294.15,295.0661508903925
719160,294.15,295.07562455784085
719190,294.15,295.08410561561186
719220,294.15,295.0916111190654
719250,294.15,295.0981580372703
719280,294.15,295.10376297400086
719310,294.15,295.10844217681534
719340,294.15,295.1122116551396
719370,294.15,295.115074556144
719400,294.15,295.116927174404
719430,294.15,295.1177469348046
719460,294.15,295.11778328085
719490,294.15,295.1171513134602
719520,294.15,295.11585987497756
719550,294.15,295.1139177280216
719580,294.15,295.11133367475236
719610,294.15,295.108116023056
719640,294.15,295.1042740895041
719670,294.15,295.0998178174893
719700,294.15,295.0947576658759
719730,294.15,295.089104210737
719760,294.15,295.0828682354915
719790,294.15,295.0760360419564
719820,294.15,295.0684088234263
719850,294.15,295.05990098469977
719880,294.15,295.05053903041016
719910,294.15,295.04036741907095
719940,294.15,295.0296369655326
719970,294.15,295.0184675881785
720000,294.15,295.006872951255
720030,294.15,294.9948647885498
720060,294.15,294.9824561439972
720090,294.15,294.9696614697865
720120,294.15,294.95649575431395
720150,294.15,294.94294705619643
720180,294.15,294.92872115774003
720210,294.15,294.9137659128973
720240,294.15,294.89882619499787
720270,294.15,294.8841256181175
720300,294.15,294.86841483769007
720330,294.15,294.85122332004084
720360,294.15,294.83324297738545
720390,294.15,294.814764964245
720420,294.15,294.79538066356713
720450,294.15,294.77501621237207
720480,294.15,294.75471414233004
720510,294.15,294.73490963329755
720540,294.15,294.71519928374704
720570,294.15,294.69540924585203
720600,294.15,294.67556129269235
720630,294.15,294.6556579848021
720660,294.15,294.6355052300295
720690,294.15,294.61503204889544
720720,294.15,294.5942738693631
720750,294.15,294.57331271677754
720780,294.15,294.55271095573863
720810,294.15,294.53272156300625
720840,294.15,294.5133441128173
720870,294.15,294.4945723171657
720900,294.15,294.4764015636595
720930,294.15,294.45883727663715
720960,294.15,294.44195418763064
720990,294.15,294.4257138138375
721020,294.15,294.4091611057281
721050,294.15,294.39193839809195
721080,294.15,294.3746553403647
721110,294.15,294.3576034365827
721140,294.15,294.34080168082784
721170,294.15,294.3242286132159
721200,294.15,294.30752248352627
721230,294.15,294.2905476881029
721260,294.15,294.27351493596115
721290,294.15,294.2565883986309
721320,294.15,294.2404786969114
721350,294.15,294.22544888875245
721380,294.15,294.21088590505434
721410,294.15,294.1965262978549
721440,294.15,294.1825115963484
721470,294.15,294.16891350003954
721500,294.15,294.1557419411228
721530,294.15,294.1430175231109
721560,294.15,294.13090880735103
721590,294.15,294.1194970314332
721620,294.15,294.1087732300241
721650,294.15,294.09873134656004
721680,294.15,294.08937232624356
721710,294.15,294.08069311276245
721740,294.15,294.0726835887351
721770,294.15,294.065331085763
721800,294.15,294.05862481031386
721830,294.15,294.05251864726876
721860,294.15,294.0466247087539
721890,294.15,294.04076461484976
721920,294.15,294.0349504153
721950,294.15,294.02924848349863
721980,294.15,294.0243177766649
722010,294.15,294.02045157659353
722040,294.15,294.01761611724487
722070,294.15,294.0157048990152
722100,294.15,294.0138748029807
722130,294.15,294.0118274974147
722160,294.15,294.01062627487283
722190,294.15,294.0106889486777
722220,294.15,294.0112791845379
722250,294.15,294.01204854197124
722280,294.15,294.012984949864
722310,294.15,294.01408563134476
722340,294.15,294.0153449202136
722370,294.15,294.01675652493765
722400,294.15,294.0183143131123
722430,294.15,294.0200429015529
722460,294.15,294.0223803483265
722490,294.15,294.0254551201212
722520,294.15,294.028593829938
722550,294.15,294.03149156702517
722580,294.15,294.03427238728125
722610,294.15,294.0369969358382
722640,294.15,294.0396669262015
722670,294.15,294.0423191403145
722700,294.15,294.0453836699687
722730,294.15,294.04901088452567
722760,294.15,294.05261313105984
722790,294.15,294.05591144381015
722820,294.15,294.0588721323461
722850,294.15,294.06148947822726
722880,294.15,294.0637772339872
722910,294.15,294.06576756845266
722940,294.15,294.06772305608786
722970,294.15,294.0697702033117
723000,294.15,294.0719034975111
723030,294.15,294.0741165436441
723060,294.15,294.07640379263955
723090,294.15,294.0787716204833
723120,294.15,294.08134677043444
723150,294.15,294.08418477814286
723180,294.15,294.0872689031107
723210,294.15,294.09058129495793
723240,294.15,294.0941054827177
723270,294.15,294.09782716731974
723300,294.15,294.1017298435618
723330,294.15,294.10579674829734
723360,294.15,294.1100113461804
723390,294.15,294.114383130608
723420,294.15,294.11917338306364
723450,294.15,294.12450251036563
723480,294.15,294.1304958731533
723510,294.15,294.13714696787963
723540,294.15,294.1439730062434
723570,294.15,294.1507460016356
723600,294.15,294.15744779108854
723630,294.15,294.1640508233938
723660,294.15,294.17031256929147
723690,294.15,294.1761165520353
723720,294.15,294.18147263129555
723750,294.15,294.18637813743595
723780,294.15,294.1907308023886
723810,294.15,294.1945362216298
723840,294.15,294.19843781340757
723870,294.15,294.20272728645057
723900,294.15,294.20737987242376
723930,294.15,294.2123370264101
723960,294.15,294.21730322384957
723990,294.15,294.2221275388279
724020,294.15,294.2268018607041
724050,294.15,294.23125942760856
724080,294.15,294.23467707132903
724110,294.15,294.2367325503856
724140,294.15,294.23807280551813
724170,294.15,294.23901718880035
724200,294.15,294.23958620081885
724230,294.15,294.2398384391898
724260,294.15,294.24037431714765
724290,294.15,294.24141047421557
724320,294.15,294.24212669254814
724350,294.15,294.2421514156311
724380,294.15,294.24150793691655
724410,294.15,294.24028490073454
724440,294.15,294.2392233957379
724470,294.15,294.2386707278568
724500,294.15,294.2387656555839
724530,294.15,294.2394799182358
724560,294.15,294.2399101957252
724590,294.15,294.2396266524065
724620,294.15,294.238334112577
724650,294.15,294.23596995787693
724680,294.15,294.2330660704074
724710,294.15,294.2299298502703
724740,294.15,294.22730341975324
724770,294.15,294.22545494067145
724800,294.15,294.22363867381586
724830,294.15,294.2215104931705
724860,294.15,294.2190807372334
724890,294.15,294.21637734299065
724920,294.15,294.21349712026444
724950,294.15,294.21049537625424
724980,294.15,294.20738331532345
725010,294.15,294.2041728743616
725040,294.15,294.20087541004807
725070,294.15,294.1975286163105
725100,294.15,294.19444959709676
725130,294.15,294.1917861288064
725160,294.15,294.1895250214759
725190,294.15,294.18765998060354
725220,294.15,294.18632337505585
725250,294.15,294.1855144366412
725280,294.15,294.18434388212467
725310,294.15,294.1824702227815
725340,294.15,294.1807087986142
725370,294.15,294.17941040355004
725400,294.15,294.17817032798206
725430,294.15,294.17680151028827
725460,294.15,294.1753063737807
725490,294.15,294.17371249528236
725520,294.15,294.1722396852481
725550,294.15,294.1709941198725
725580,294.15,294.1699653532739
725610,294.15,294.1691432977389
725640,294.15,294.16851978959556
725670,294.15,294.16808601034336
725700,294.15,294.16783529802944
725730,294.15,294.16776971412924
725760,294.15,294.1680058420977
725790,294.15,294.16859601435584
725820,294.15,294.16952222901716
725850,294.15,294.1707135520839
725880,294.15,294.171424938768
725910,294.15,294.1712843736923
725940,294.15,294.16978938147355
725970,294.15,294.1668526048311
726000,294.15,294.1641082451772
726030,294.15,294.16225100915347
726060,294.15,294.16051498448235
726090,294.15,294.15852951837036
726120,294.15,294.1563017724579
726150,294.15,294.1538538061311
726180,294.15,294.15120528952644
726210,294.15,294.1484083508724
726240,294.15,294.1459971786952
726270,294.15,294.144218842511
726300,294.15,294.1432012615989
726330,294.15,294.1429945140696
726360,294.15,294.14378277918604
726390,294.15,294.14556255774755
726420,294.15,294.1473588749885
726450,294.15,294.1487513176043
726480,294.15,294.15016626135366
726510,294.15,294.1518085426324
726540,294.15,294.15366670856037
726570,294.15,294.1557366523962
726600,294.15,294.15818907845585
726630,294.15,294.1610784724569
726660,294.15,294.1641447145679
726690,294.15,294.1672624843511
726720,294.15,294.1704172230319
726750,294.15,294.1736155569924
726780,294.15,294.1770694915863
726810,294.15,294.18087146576596
726840,294.15,294.18499101756566
726870,294.15,294.18939167778115
726900,294.15,294.1939767830642
726930,294.15,294.19869006158
726960,294.15,294.2036645144912
726990,294.15,294.2088840835138
727020,294.15,294.2133380778032
727050,294.15,294.2166634875366
727080,294.15,294.2201071028947
727110,294.15,294.2241458614991
727140,294.15,294.22747357195976
727170,294.15,294.22952767246016
727200,294.15,294.23087861039704
727230,294.15,294.23181955349804
727260,294.15,294.23237309989105
727290,294.15,294.2325898918857
727320,294.15,294.23301396121144
727350,294.15,294.23382245905213
727380,294.15,294.2339240256011
727410,294.15,294.23286596487236
727440,294.15,294.23115415998956
727470,294.15,294.2290810949496
727500,294.15,294.22713530526704
727530,294.15,294.2254975703963
727560,294.15,294.223704211687
727590,294.15,294.2215622403923
727620,294.15,294.21947216630144
727650,294.15,294.2176201775375
727680,294.15,294.21599844906615
727710,294.15,294.21452629273523
727740,294.15,294.2122124898093
727770,294.15,294.20869302293363
727800,294.15,294.20525927016433
727830,294.15,294.2025010431255
727860,294.15,294.20024528289173
727890,294.15,294.1983936851997
727920,294.15,294.1969991072942
727950,294.15,294.1960808078578
727980,294.15,294.19568759192566
728010,294.15,294.1958320644025
728040,294.15,294.19655495667917
728070,294.15,294.19792407185906
728100,294.15,294.2008686169895
728130,294.15,294.2057383994898
728160,294.15,294.21211082679525
728190,294.15,294.21969988128285
728220,294.15,294.2278209800393
728250,294.15,294.23618053846513
728280,294.15,294.2453372493326
728310,294.15,294.2555637819728
728340,294.15,294.26773587698995
728370,294.15,294.28207393181845
728400,294.15,294.29740341387344
728430,294.15,294.31326082564453
728460,294.15,294.33087473423205
728490,294.15,294.3505639700271
728520,294.15,294.3706981119718
728550,294.15,294.3905577744244
728580,294.15,294.409714404251
728610,294.15,294.4279939192683
728640,294.15,294.4453395251891
728670,294.15,294.4617765855474
728700,294.15,294.47788128256514
728730,294.15,294.4938899612071
728760,294.15,294.5098546543737
728790,294.15,294.52570921533936
728820,294.15,294.54037917465837
728850,294.15,294.55346395290496
728880,294.15,294.5655510279608
728910,294.15,294.5769361556633
728940,294.15,294.5881823591481
728970,294.15,294.5994490903721
729000,294.15,294.60991174404205
729030,294.15,294.61924685640724
729060,294.15,294.6274843317658
729090,294.15,294.63465377557753
729120,294.15,294.64078291143267
729150,294.15,294.6459079785681
729180,294.15,294.65014006766455
729210,294.15,294.6535533053812
729240,294.15,294.65617411411984
729270,294.15,294.6580327172653
729300,294.15,294.65915920716054
729330,294.15,294.65955481738825
729360,294.15,294.6587983714527
729390,294.15,294.65673752132886
729420,294.15,294.6537544354127
729450,294.15,294.6500323972271
729480,294.15,294.64560027071565
729510,294.15,294.6404884853522
729540,294.15,294.6347283946698
729570,294.15,294.6283515533259
729600,294.15,294.6213896026098
729630,294.15,294.61387425696216
729660,294.15,294.60583832764905
729690,294.15,294.5973198828329
729720,294.15,294.58839737394226
729750,294.15,294.57913389069836
729780,294.15,294.5695604519391
729810,294.15,294.55971008153267
729840,294.15,294.54961579016833
729870,294.15,294.53931036284155
729900,294.15,294.5288265541384
729930,294.15,294.5181987691366
729960,294.15,294.50747917842466
729990,294.15,294.49671228885904
730020,294.15,294.48592939450384
730050,294.15,294.475166099924
730080,294.15,294.4644501725777
730110,294.15,294.4537847100317
730140,294.15,294.44263516457397
730170,294.15,294.4307456666136
730200,294.15,294.4185146101712
730230,294.15,294.4061361479197
730260,294.15,294.3936307035264
730290,294.15,294.38101914390796
730320,294.15,294.3683240225464
730350,294.15,294.3555672175554
730380,294.15,294.3427709868501
730410,294.15,294.3299617006962
730440,294.15,294.31718660407984
730470,294.15,294.30448877655783
730500,294.15,294.29188996911176
730530,294.15,294.2793783337715
730560,294.15,294.266443657573
730590,294.15,294.2528295084342
730620,294.15,294.23849730322286
730650,294.15,294.2233803058553
730680,294.15,294.206998737174
730710,294.15,294.18919518613063
730740,294.15,294.1710147134907
730770,294.15,294.152940985906
730800,294.15,294.1350068200607
730830,294.15,294.1172426278303
730860,294.15,294.09968181293743
730890,294.15,294.0823558579612
730920,294.15,294.06529510117605
730950,294.15,294.0485028663386
730980,294.15,294.031698386287
731010,294.15,294.0148346932343
731040,294.15,293.99864025996584
731070,294.15,293.98338903252
731100,294.15,293.96853500749194
731130,294.15,293.9538516879118
731160,294.15,293.93935596958136
731190,294.15,293.92505998946956
731220,294.15,293.9109348520823
731250,294.15,293.89697155196
731280,294.15,293.88318607397207
731310,294.15,293.86958948304726
731340,294.15,293.85619523931445
731370,294.15,293.84301538256886
731400,294.15,293.8300622069184
731430,294.15,293.8173681277738
731460,294.15,293.80512305307957
731490,294.15,293.79342215229207
731520,294.15,293.78227331131365
731550,294.15,293.7716833366428
731580,294.15,293.76165879074625
731610,294.15,293.752186571222
731640,294.15,293.74308858309985
731670,294.15,293.7342460327363
731700,294.15,293.72529598353157
731730,294.15,293.71618280702586
731760,294.15,293.70805387393
731790,294.15,293.7013854905368
731820,294.15,293.6960162434115
731850,294.15,293.69186377003075
731880,294.15,293.68890929870406
731910,294.15,293.68707797702064
731940,294.15,293.68575102617785
731970,294.15,293.6846516643433
732000,294.15,293.6837723961236
732030,294.15,293.68317083839094
732060,294.15,293.68348305286594
732090,294.15,293.6849593154708
732120,294.15,293.68738307872036
732150,294.15,293.6906471013986
732180,294.15,293.6947248260843
732210,294.15,293.69956072033546
732240,294.15,293.7048064430527
732270,294.15,293.71030019381845
732300,294.15,293.7160231873653
732330,294.15,293.72195881247166
732360,294.15,293.7280868801878
732390,294.15,293.73439101183624
732420,294.15,293.74085614096447
732450,294.15,293.7474666013413
732480,294.15,293.7542052116062
732510,294.15,293.76105544973865
732540,294.15,293.7680015169026
732570,294.15,293.7750400718268
732600,294.15,293.7822615349737
732630,294.15,293.78970221534144
732660,294.15,293.7973415547091
732690,294.15,293.8051619580535
732720,294.15,293.8131457294242
732750,294.15,293.82126112318275
732780,294.15,293.8293360591468
732810,294.15,293.8373312648921
732840,294.15,293.8457048252949
732870,294.15,293.8546437720522
732900,294.15,293.8641160439941
732930,294.15,293.87401486241447
732960,294.15,293.8834670122568
732990,294.15,293.8921212750612
733020,294.15,293.9002696063646
733050,294.15,293.9080903970192
733080,294.15,293.91620483387163
733110,294.15,293.9248575823848
733140,294.15,293.9340194801987
733170,294.15,293.94369448632
733200,294.15,293.95426971803914
733230,294.15,293.9658080222922
733260,294.15,293.9774205455529
733290,294.15,293.9887196959664
733320,294.15,293.9996940364842
733350,294.15,294.0103388884318
733380,294.15,294.02064706566426
733410,294.15,294.03061181880054
733440,294.15,294.0402302432154
733470,294.15,294.0494957591458
733500,294.15,294.058406286545
733530,294.15,294.066958213028
733560,294.15,294.0751498725669
733590,294.15,294.08302591033373
733620,294.15,294.09115137354127
733650,294.15,294.09968667071814
733680,294.15,294.1078555351278
733710,294.15,294.1153240285712
733740,294.15,294.1220999912078
733770,294.15,294.1282189417651
733800,294.15,294.1339413882178
733830,294.15,294.13937462131673
733860,294.15,294.14452215229903
733890,294.15,294.1493852607124
733920,294.15,294.153965118025
733950,294.15,294.1582649291013
733980,294.15,294.1622872995297
734010,294.15,294.1660351610893
734040,294.15,294.169511971504
734070,294.15,294.17277347722677
734100,294.15,294.1764219042797
734130,294.15,294.18071041766433
734160,294.15,294.1856971532359
734190,294.15,294.19128385934255
734220,294.15,294.19633058269477
734250,294.15,294.2004147474083
734280,294.15,294.2043000952426
734310,294.15,294.208323415063
734340,294.15,294.21247210575007
734370,294.15,294.2166890278644
734400,294.15,294.2205561712604
734430,294.15,294.22388883544454
734460,294.15,294.22669828813275
734490,294.15,294.2290368175364
734520,294.15,294.2313306735413
734550,294.15,294.2337640440807
734580,294.15,294.2363258627365
734610,294.15,294.23899247376903
734640,294.15,294.24166886710617
734670,294.15,294.24430066832053
734700,294.15,294.2468860443773
734730,294.15,294.24941919692304
734760,294.15,294.2518965811526
734790,294.15,294.2543136395011
734820,294.15,294.2566667864117
734850,294.15,294.2589692829711
734880,294.15,294.2613961452897
734910,294.15,294.26398726127877
734940,294.15,294.2663343518011
734970,294.15,294.26826219393104
735000,294.15,294.26978132261934
735030,294.15,294.270903074058
735060,294.15,294.27163800452144
735090,294.15,294.2720090114231
735120,294.15,294.2721459112451
735150,294.15,294.27211340113456
735180,294.15,294.271914359545
735210,294.15,294.27155335967393
735240,294.15,294.27103515618467
735270,294.15,294.2703645957475
735300,294.15,294.2695466393152
735330,294.15,294.2685863711073
735360,294.15,294.26748896119847
735390,294.15,294.2662596504981
735420,294.15,294.2649037599566
735450,294.15,294.26342668877726
735480,294.15,294.26183417375364
735510,294.15,294.26009781896386
735540,294.15,294.25786319780974
735570,294.15,294.2550860912352
735600,294.15,294.25298436097063
735630,294.15,294.25199824378285
735660,294.15,294.2514196651912
735690,294.15,294.25093182878305
735720,294.15,294.25052891822776
735750,294.15,294.2502096213271
735780,294.15,294.24997015533205
735810,294.15,294.2498403025547
735840,294.15,294.2502051515576
735870,294.15,294.25119501570003
735900,294.15,294.25250716351024
735930,294.15,294.2540121120716
735960,294.15,294.25569717852625
735990,294.15,294.2575169603522
736020,294.15,294.25906571766586
736050,294.15,294.2601684164256
736080,294.15,294.2608394968997
736110,294.15,294.2610841543735
736140,294.15,294.2608442772652
736170,294.15,294.2600971788337
736200,294.15,294.2588630723974
736230,294.15,294.25715904579727
736260,294.15,294.2550026465939
736290,294.15,294.25245359976395
736320,294.15,294.25001548828516
736350,294.15,294.2479160754708
736380,294.15,294.24632759321014
736410,294.15,294.24524999068444
736440,294.15,294.24403855173415
736470,294.15,294.2424227453227
736500,294.15,294.2404163484753
736530,294.15,294.2379729367868
736560,294.15,294.2343825482769
736590,294.15,294.2294814127672
736620,294.15,294.22459537731896
736650,294.15,294.22024785254143
736680,294.15,294.21583494808874
736710,294.15,294.21110105816354
736740,294.15,294.2060634868766
736770,294.15,294.2007936542867
736800,294.15,294.1958562156911
736830,294.15,294.1914914427697
736860,294.15,294.18768608722525
736890,294.15,294.18443011760496
736920,294.15,294.181744621103
736950,294.15,294.1796349841117
736980,294.15,294.17804305275956
737010,294.15,294.1769252365964
737040,294.15,294.17626994819057
737070,294.15,294.1760628595715
737100,294.15,294.1762885029901
737130,294.15,294.17693217820346
737160,294.15,294.17797907233455
737190,294.15,294.1794422050465
737220,294.15,294.1816139695771
737250,294.15,294.18455254714144
737280,294.15,294.1876561444943
737310,294.15,294.1906656766293
737340,294.15,294.1935823330421
737370,294.15,294.19637100036704
737400,294.15,294.1986362428951
737430,294.15,294.20026506982487
737460,294.15,294.2018499524635
737490,294.15,294.2036429425909
737520,294.15,294.20563437210404
737550,294.15,294.20781407167095
737580,294.15,294.21017357208314
737610,294.15,294.212704613789
737640,294.15,294.21539888320507
737670,294.15,294.2181758810249
737700,294.15,294.22018512652954
737730,294.15,294.2211436823856
737760,294.15,294.2218300929309
737790,294.15,294.2225806410214
737820,294.15,294.223392005475
737850,294.15,294.22425804152584
737880,294.15,294.225176518314
737910,294.15,294.2261454333585
737940,294.15,294.22716217825973
737970,294.15,294.22822427476353
738000,294.15,294.22932939521854
738030,294.15,294.2304752684351
738060,294.15,294.2316596436599
738090,294.15,294.23288030502795
738120,294.15,294.23413539164716
738150,294.15,294.2353822176106
738180,294.15,294.23623377604935
738210,294.15,294.2364735296064
738240,294.15,294.23557276653986
738270,294.15,294.23343200334307
738300,294.15,294.23136610356846
738330,294.15,294.22992032549126
738360,294.15,294.22898423591994
738390,294.15,294.22851795536315
738420,294.15,294.22868966553335
738450,294.15,294.2295278304475
738480,294.15,294.23069903169005
738510,294.15,294.2320630668648
738540,294.15,294.2336135730326
738570,294.15,294.23532031619555
738600,294.15,294.2369170021415
738630,294.15,294.23828749747327
738660,294.15,294.23943653672006
738690,294.15,294.24036886162935
738720,294.15,294.24108853032806
738750,294.15,294.24159915632725
738780,294.15,294.2419037316433
738810,294.15,294.2420711433491
738840,294.15,294.24276877096304
738870,294.15,294.244193765355
738900,294.15,294.24548568774304
738930,294.15,294.24628806223967
738960,294.15,294.2466081880807
738990,294.15,294.2464403073323
739020,294.15,294.24566628434184
739050,294.15,294.2442984809513
739080,294.15,294.24307475989923
739110,294.15,294.2422671155683
739140,294.15,294.24144340830503
739170,294.15,294.24042743071095
739200,294.15,294.2392249990267
739230,294.15,294.2378437280465
739260,294.15,294.23628924581203
739290,294.15,294.23458148087417
739320,294.15,294.2328787122579
739350,294.15,294.2312476435661
739380,294.15,294.229690531983
739410,294.15,294.22817469344244
739440,294.15,294.2263416984884
739470,294.15,294.22408159749085
739500,294.15,294.2218672067927
739530,294.15,294.219896546017
739560,294.15,294.21816608782825
739590,294.15,294.2166722864128
739620,294.15,294.2154145572229
739650,294.15,294.21438507980264
739680,294.15,294.213541433915
739710,294.15,294.2128564910715
739740,294.15,294.21233596578946
739770,294.15,294.21197502959353
739800,294.15,294.21177351689545
739830,294.15,294.2117297883374
739860,294.15,294.2118418035348
739890,294.15,294.21211467998285
739920,294.15,294.21261815292297
739950,294.15,294.21338267634644
739980,294.15,294.2144024351232
740010,294.15,294.21567252034663
740040,294.15,294.21718773090976
740070,294.15,294.21895167257003
740100,294.15,294.22101162926
740130,294.15,294.22337170478875
740160,294.15,294.2258590768338
740190,294.15,294.22839332162584
740220,294.15,294.23097269470827
740250,294.15,294.23358012998193
740280,294.15,294.23607349686614
740310,294.15,294.2383853499122
740340,294.15,294.2405151646006
740370,294.15,294.24246019687325
740400,294.15,294.24421814531337
740430,294.15,294.24578715811555
740460,294.15,294.24716571895874
740490,294.15,294.2483526631885
740520,294.15,294.24934723470403
740550,294.15,294.2501490778287
740580,294.15,294.2507581589754
740610,294.15,294.251210209982
740640,294.15,294.25191465700357
740670,294.15,294.25312601788823
740700,294.15,294.2558452043036
740730,294.15,294.2604434238908
740760,294.15,294.26712509806924
740790,294.15,294.2758329565572
740820,294.15,294.2857487598851
740850,294.15,294.29658410527674
740880,294.15,294.3090318471093
740910,294.15,294.3232515502775
740940,294.15,294.3384125423902
740970,294.15,294.35417291648
741000,294.15,294.37051104201964
741030,294.15,294.38738833815324
741060,294.15,294.4051642515106
741090,294.15,294.42402169256036
741120,294.15,294.4437211338618
741150,294.15,294.46400299697433
741180,294.15,294.48482114976997
741210,294.15,294.50581914202934
741240,294.15,294.5266456007064
741270,294.15,294.5474955913901
741300,294.15,294.56878731721184
741330,294.15,294.59072704368674
741360,294.15,294.6134324919785
741390,294.15,294.63685370703547
741420,294.15,294.66087171545985
741450,294.15,294.6852543473924
741480,294.15,294.7092610135354
741510,294.15,294.73226155583944
741540,294.15,294.7536919457018
741570,294.15,294.7731301360807
741600,294.15,294.7902289228085
741630,294.15,294.8047139053277
741660,294.15,294.8163828456031
741690,294.15,294.82507261927265
741720,294.15,294.8306800089359
741750,294.15,294.83311199107754
741780,294.15,294.8323599272412
741810,294.15,294.82840114421066
741840,294.15,294.8212268214648
741870,294.15,294.81086801855844
741900,294.15,294.7974040949632
741930,294.15,294.7809805298672
741960,294.15,294.7618212835805
741990,294.15,294.74014796440156
742020,294.15,294.7161692540438
742050,294.15,294.6900544318989
742080,294.15,294.66189962850393
742110,294.15,294.63200233886903
742140,294.15,294.60095868253984
742170,294.15,294.5691923734501
742200,294.15,294.53686980831617
742230,294.15,294.5042362063917
742260,294.15,294.4716586169671
742290,294.15,294.43954051065396
742320,294.15,294.4082774819397
742350,294.15,294.3782782614687
742380,294.15,294.34994383115594
742410,294.15,294.32364081647654
742440,294.15,294.2996853351042
742470,294.15,294.2783150032601
742500,294.15,294.2596952651556
742530,294.15,294.2439292805671
742560,294.15,294.23106560854575
742590,294.15,294.2211035378529
742620,294.15,294.213997068406
742650,294.15,294.2096726923582
742680,294.15,294.2080205733853
742710,294.15,294.20887370155816
742740,294.15,294.2120262967592
742770,294.15,294.2172434124255
742800,294.15,294.2242650799195
742830,294.15,294.23280700859203
742860,294.15,294.2425642433485
742890,294.15,294.2532140913632
742920,294.15,294.26441466637016
742950,294.15,294.27579621291426
742980,294.15,294.2869917901796
743010,294.15,294.2976449125523
743040,294.15,294.3074342391469
743070,294.15,294.3161283144117
743100,294.15,294.32347110624
743130,294.15,294.32920644372933
743160,294.15,294.33315675909216
743190,294.15,294.335207846005
743220,294.15,294.3353018629381
743250,294.15,294.333427291465
743280,294.15,294.32962692393687
743310,294.15,294.32398785760705
743340,294.15,294.31662923202964
743370,294.15,294.30770101671925
743400,294.15,294.2973817068821
743430,294.15,294.2858753480687
743460,294.15,294.27340908270685
743490,294.15,294.26021855202976
743520,294.15,294.24658693410004
743550,294.15,294.2328284505363
743580,294.15,294.21918946161213
743610,294.15,294.20590085676963
743640,294.15,294.19321160169926
743670,294.15,294.1813597742318
743700,294.15,294.1705605552287
743730,294.15,294.1609980874082
743760,294.15,294.15282030252195
743790,294.15,294.14613580803194
743820,294.15,294.1410125431517
743850,294.15,294.1374787291018
743880,294.15,294.1355242761573
743910,294.15,294.1351031580716
743940,294.15,294.13613550914096
743970,294.15,294.1385047579038
744000,294.15,294.14210766681776
744030,294.15,294.1468210598209
744060,294.15,294.1524752850788
744090,294.15,294.15887652653714
744120,294.15,294.1658164894193
744150,294.15,294.17307605134266
744180,294.15,294.1804571718148
744210,294.15,294.18777717754836
744240,294.15,294.1947511300457
744270,294.15,294.2011183994515
744300,294.15,294.2067015006494
744330,294.15,294.21136284134957
744360,294.15,294.21499742547326
744390,294.15,294.2175310955611
744420,294.15,294.2189194842342
744450,294.15,294.2191491649267
744480,294.15,294.21823634686996
744510,294.15,294.21622408461303
744540,294.15,294.2131791930433
744570,294.15,294.2091900436268
744600,294.15,294.20436607519264
744630,294.15,294.19883429115714
744660,294.15,294.1927357408393
744690,294.15,294.18620795421555
744720,294.15,294.1795407387084
744750,294.15,294.1730095313029
744780,294.15,294.16667806997197
744810,294.15,294.1606040827217
744840,294.15,294.15490604445864
744870,294.15,294.149703451226
744900,294.15,294.1451019901438
744930,294.15,294.14119042235166
744960,294.15,294.13803690888227
744990,294.15,294.1356896519128
745020,294.15,294.1341755346341
745050,294.15,294.13349859348637
745080,294.15,294.13363169770366
745110,294.15,294.13452831920023
745140,294.15,294.1361316380845
745170,294.15,294.1383684473966
745200,294.15,294.14115200450476
745230,294.15,294.14438424313283
745260,294.15,294.14795891259774
745290,294.15,294.1517646247051
745320,294.15,294.15568801207866
745350,294.15,294.159616831569
745380,294.15,294.16344298032556
745410,294.15,294.16706486664947
745440,294.15,294.1703812972917
745470,294.15,294.17330223102806
745500,294.15,294.1757606774646
745530,294.15,294.17770436608106
745560,294.15,294.17909648346955
745590,294.15,294.179916531799
745620,294.15,294.1801589012473
745650,294.15,294.1798312495426
745680,294.15,294.178955547368
745710,294.15,294.17756708625893
745740,294.15,294.1757129786898
745770,294.15,294.1734506745951
745800,294.15,294.17084587970515
745830,294.15,294.1679711116648
745860,294.15,294.1649037476024
745890,294.15,294.1617240169399
745920,294.15,294.158513400139
745950,294.15,294.15535257062646
745980,294.15,294.1520682115329
746010,294.15,294.1485712014153
746040,294.15,294.14524159445335
746070,294.15,294.1423745180263
746100,294.15,294.1400627651277
746130,294.15,294.13835185403684
746160,294.15,294.13721403854487
746190,294.15,294.1366212399058
746220,294.15,294.13656415984957
746250,294.15,294.1370244197543
746280,294.15,294.137972723897
746310,294.15,294.139367132766
746340,294.15,294.1412380493652
746370,294.15,294.1435795810112
746400,294.15,294.14632438358194
746430,294.15,294.1493877921282
746460,294.15,294.15257190459744
746490,294.15,294.15571367915607
746520,294.15,294.1587204127548
746550,294.15,294.16151600726454
746580,294.15,294.1640340541949
746610,294.15,294.16621733030945
746640,294.15,294.1680191337148
746670,294.15,294.1694050058495
746700,294.15,294.1703518067196
746730,294.15,294.1708486833369
746760,294.15,294.1708963250673
746790,294.15,294.1705083590769
746820,294.15,294.1698103779384
746850,294.15,294.1688990172455
746880,294.15,294.16781394009104
746910,294.15,294.16658882928
746940,294.15,294.165259127456
746970,294.15,294.163858432335
747000,294.15,294.1622890877358
747030,294.15,294.1605043439571
747060,294.15,294.15854309250085
747090,294.15,294.15645985697364
747120,294.15,294.15431175311346
747150,294.15,294.1521562335476
747180,294.15,294.15004936907724
747210,294.15,294.1480445015308
747240,294.15,294.14619097334054
747270,294.15,294.144532891435
747300,294.15,294.14310806848755
747330,294.15,294.1419471414949
747360,294.15,294.14107291074265
747390,294.15,294.14049992438777
747420,294.15,294.14023429038605
747450,294.15,294.1402737249824
747480,294.15,294.1406078416356
747510,294.15,294.14121866637277
747540,294.15,294.14208135182076
747570,294.15,294.14316505556235
747600,294.15,294.14443397282554
747630,294.15,294.14584848119307
747660,294.15,294.14736634069374
747690,294.15,294.14894393495626
747720,294.15,294.1505375089091
747750,294.15,294.1521034332501
747780,294.15,294.1535893077086
747810,294.15,294.15494924153353
747840,294.15,294.15615020240915
747870,294.15,294.15716583425325
747900,294.15,294.1579754890749
747930,294.15,294.15856459605203
747960,294.15,294.15892486343273
747990,294.15,294.15905425688976
748020,294.15,294.15895670455274
748050,294.15,294.1586418298421
748080,294.15,294.1581245309305
748110,294.15,294.1574243005817
748140,294.15,294.15656468634387
748170,294.15,294.1555725695002
748200,294.15,294.15447735407673
748230,294.15,294.15331014365114
748260,294.15,294.15210291945937
748290,294.15,294.150887718954
748320,294.15,294.14969582663366
748350,294.15,294.14855699775586
748380,294.15,294.14749873735184
748410,294.15,294.14654565403174
748440,294.15,294.1457189043116
748470,294.15,294.14503574059495
748500,294.15,294.14450917373443
748530,294.15,294.14414775804914
748560,294.15,294.14395549676493
748590,294.15,294.14393185179034
748620,294.15,294.1440718600209
748650,294.15,294.1443663711957
748680,294.15,294.14480240956976
748710,294.15,294.1453636419011
748740,294.15,294.1460309258042
748770,294.15,294.1467829151924
748800,294.15,294.14759670415816
748830,294.15,294.1484485025474
748860,294.15,294.1493143142513
748890,294.15,294.1501705810397
748920,294.15,294.1509947869402
748950,294.15,294.1517660158975
748980,294.15,294.1524654495415
749010,294.15,294.1530767914299
749040,294.15,294.1535866080026
749070,294.15,294.153984580927
749100,294.15,294.1542636687662
749130,294.15,294.1544201782369
749160,294.15,294.15445374731854
749190,294.15,294.154367244348
749220,294.15,294.1541665889467
749250,294.15,294.15386050209315
749280,294.15,294.1534601938623
749310,294.15,294.1529789983284
749340,294.15,294.152431965925
749370,294.15,294.1518354241782
749400,294.15,294.151206518189
749430,294.15,294.1505627425181
749460,294.15,294.1499214762021
749490,294.15,294.1492995324686
749520,294.15,294.1487127343026
749550,294.15,294.1481755263159
749580,294.15,294.1477006323869
749610,294.15,294.14729876726335
749640,294.15,294.14697840756975
749670,294.15,294.14674539210176
749700,294.15,294.14660198727233
749730,294.15,294.14654756165635
749760,294.15,294.146580114131
749790,294.15,294.14669654996436
749820,294.15,294.1468918033692
749850,294.15,294.1471584164642
749880,294.15,294.14748706478485
749910,294.15,294.14786722649046
749940,294.15,294.1482874820612
749970,294.15,294.1487356637418
750000,294.15,294.1491991699077
750030,294.15,294.14966540116706
750060,294.15,294.1501221449759
750090,294.15,294.1505578726322
750120,294.15,294.15096200249553
750150,294.15,294.1513251451677
750180,294.15,294.1516393050265
750210,294.15,294.1518980250361
750240,294.15,294.15209648743127
750270,294.15,294.15223158385055
750300,294.15,294.15230194984457
750330,294.15,294.152307952404
750360,294.15,294.15225161740585
750390,294.15,294.15214338484805
750420,294.15,294.1522559771385
750450,294.15,294.15275189352735
750480,294.15,294.15339979727383
750510,294.15,294.1540233172861
750540,294.15,294.1545836586689
750570,294.15,294.1550662253465
750600,294.15,294.1554609146927
750630,294.15,294.15576030580365
750660,294.15,294.1559595172189
750690,294.15,294.1560567879196
750720,294.15,294.1560526944693
750750,294.15,294.1559503916894
750780,294.15,294.155755549678
750810,294.15,294.15544427719914
750840,294.15,294.15498238209364
750870,294.15,294.1543858938976
750900,294.15,294.1536739274669
750930,294.15,294.15286821369887
750960,294.15,294.1519920541577
750990,294.15,294.1510699139717
751020,294.15,294.1501267375824
751050,294.15,294.14918731919624
751080,294.15,294.1482756330079
751110,294.15,294.14741426508095
751140,294.15,294.14662379645796
751170,294.15,294.1459226157387
751200,294.15,294.14532631259135
751230,294.15,294.1448471529665
751260,294.15,294.1444938797612
751290,294.15,294.1442716489894
751320,294.15,294.144182012359
751350,294.15,294.1442229615964
751380,294.15,294.14438906597275
751410,294.15,294.144671709396
751440,294.15,294.14505941532485
751470,294.15,294.1455382435367
751500,294.15,294.1460922314316
751530,294.15,294.14669728537586
751560,294.15,294.1473291728562
751590,294.15,294.147969503579
751620,294.15,294.1485997459033
751650,294.15,294.14920190213707
751680,294.15,294.1497591100636
751710,294.15,294.1502560850597
751740,294.15,294.15067957197095
751770,294.15,294.15101864962116
751800,294.15,294.1512649222094
751830,294.15,294.1514126725356
751860,294.15,294.15145901707297
751890,294.15,294.1514136870317
751920,294.15,294.15128856206076
751950,294.15,294.15108787407655
751980,294.15,294.1508185696618
752010,294.15,294.1504897574674
752040,294.15,294.1501122059887
752070,294.15,294.14969786378424
752100,294.15,294.14925940965753
752130,294.15,294.148809853264
752160,294.15,294.1483621477909
752190,294.15,294.1479288288974
752220,294.15,294.1475216859688
752250,294.15,294.14715146223443
752280,294.15,294.1468275962768
752310,294.15,294.1465580060074
752340,294.15,294.1463489191628
752370,294.15,294.1462047544936
752400,294.15,294.1461280534269
752430,294.15,294.1461194659171
752460,294.15,294.1461777873523
752490,294.15,294.14630004452476
752520,294.15,294.1464816270085
752550,294.15,294.1467164603193
752580,294.15,294.1469972128725
752610,294.15,294.14731553126643
752640,294.15,294.1476622946558
752670,294.15,294.1480278835432
752700,294.15,294.1484024217641
752730,294.15,294.14877469615595
752760,294.15,294.14913383558303
752790,294.15,294.1494709521147
752820,294.15,294.14977791123613
752850,294.15,294.1500475293635
752880,294.15,294.150273685736
752910,294.15,294.15045159143466
752940,294.15,294.15057773041605
752970,294.15,294.15065003840584
753000,294.15,294.15066796975026
753030,294.15,294.15063242896935
753060,294.15,294.15054566754515
753090,294.15,294.1504111857671
753120,294.15,294.1502336187123
753150,294.15,294.15001859110816
753180,294.15,294.14977254307433
753210,294.15,294.14950253750885
753240,294.15,294.1492160582421
753270,294.15,294.14892080422385
753300,294.15,294.14862448328677
753330,294.15,294.14833460615984
753360,294.15,294.14805830898734
753390,294.15,294.14780217327854
753420,294.15,294.14757205124226
753450,294.15,294.1473729511132
753480,294.15,294.1472089174624
753510,294.15,294.1470829521214
753540,294.15,294.14699697045137
753570,294.15,294.14695177670427
753600,294.15,294.1469470708674
753630,294.15,294.14698148278495
753660,294.15,294.1470526499691
753690,294.15,294.14715730893
753720,294.15,294.14729138323037
753750,294.15,294.1474503805079
753780,294.15,294.14762926227075
753810,294.15,294.1478224345028
753840,294.15,294.1480240843933
753870,294.15,294.1482283629967
753900,294.15,294.1484295395991
753930,294.15,294.1486221371821
753960,294.15,294.14880106740054
753990,294.15,294.14896175491225
754020,294.15,294.14910027931325
754050,294.15,294.14921341819286
754080,294.15,294.1492985473668
754110,294.15,294.14935687909144
754140,294.15,294.14939044384954
754170,294.15,294.14939904489023
754200,294.15,294.1493834609184
754230,294.15,294.1493453324372
754260,294.15,294.1492870071796
754290,294.15,294.14921140087404
754320,294.15,294.14912194203
754350,294.15,294.1490223982954
754380,294.15,294.14891670515385
754410,294.15,294.14880884015884
754440,294.15,294.1487027226581
754470,294.15,294.14860211231763
754500,294.15,294.1485105026493
754530,294.15,294.1484310274397
754560,294.15,294.1483663785189
754590,294.15,294.1483187471749
754620,294.15,294.14828978436583
754650,294.15,294.1482805740216
754680,294.15,294.14829161599664
754710,294.15,294.148322826721
754740,294.15,294.1483735599467
754770,294.15,294.1484426427529
754800,294.15,294.1485284224696
754830,294.15,294.1486288241507
754860,294.15,294.1487414177079
754890,294.15,294.1488634945615
754920,294.15,294.14899214907064
754950,294.15,294.1491243621277
754980,294.15,294.14925708493513
755010,294.15,294.14938732134505
755040,294.15,294.14951220659964
755070,294.15,294.14962908008926
755100,294.15,294.14973555035715
755130,294.15,294.14982955109554
755160,294.15,294.14990938674197
755190,294.15,294.14997376695345
755220,294.15,294.1500218485788
755250,294.15,294.15005337464
755280,294.15,294.1500685528297
755310,294.15,294.15006786430416
755340,294.15,294.1500521030604
755370,294.15,294.15002249349806
755400,294.15,294.1499806051614
755430,294.15,294.1499282567842
755460,294.15,294.14986748904954
755490,294.15,294.1498005106992
755520,294.15,294.1497296186676
755550,294.15,294.1496571350301
755580,294.15,294.1495853484412
755610,294.15,294.14951645905796
755640,294.15,294.14945252139546
755670,294.15,294.14939538985266
755700,294.15,294.14934667471346
755730,294.15,294.14930770789647
755760,294.15,294.1492795167099
755790,294.15,294.14926280561406
755820,294.15,294.14925794671865
755850,294.15,294.1492649794193
755880,294.15,294.1492836190102
755910,294.15,294.14931327371426
755940,294.15,294.1493530693691
755970,294.15,294.14940188087684
756000,294.15,294.1494583693959
756030,294.15,294.14952102405346
756060,294.15,294.1495882068169
756090,294.15,294.14965819938635
756120,294.15,294.1497292509991
756150,294.15,294.14979962587637
756180,294.15,294.1498676489601
756210,294.15,294.1499317486798
756240,294.15,294.14999049568365
756270,294.15,294.15004263665514
756300,294.15,294.1500871224963
756330,294.15,294.15012313031116
756360,294.15,294.1501500787905
756390,294.15,294.15016763678733
756420,294.15,294.1501757250602
756450,294.15,294.150174511342
756480,294.15,294.1501643990619
756510,294.15,294.1501460101996
756540,294.15,294.15012016288875
756570,294.15,294.1500878445061
756600,294.15,294.1500501810745
756630,294.15,294.15000840388495
756660,294.15,294.14996381428597
756690,294.15,294.14991774761205
756720,294.15,294.14987153721916
756750,294.15,294.14982647956555
756780,294.15,294.14978380122557
756810,294.15,294.149744628656
756840,294.15,294.14970996142455
756870,294.15,294.1496806495196
756900,294.15,294.1496573752287
756930,294.15,294.1496406399408
756960,294.15,294.149630756088
756990,294.15,294.149627844298
757020,294.15,294.14963175028043
757050,294.15,294.14963867439025
757080,294.15,294.14964471470944
757110,294.15,294.1496495257172
757140,294.15,294.14965238893984
757170,294.15,294.14965234932845
757200,294.15,294.1496482947308
757230,294.15,294.1496390638459
757260,294.15,294.14962352898425
757290,294.15,294.14960066401005
757320,294.15,294.14956960469857
757350,294.15,294.1495296997759
757380,294.15,294.1494805438704
757410,294.15,294.1494219882154
757440,294.15,294.1493541422685
757470,294.15,294.1492773754246
757500,294.15,294.14919231282374
757530,294.15,294.1490998178719
757560,294.15,294.1490009634589
757590,294.15,294.1488969991759
757620,294.15,294.14878931773376
757650,294.15,294.14867941913593
757680,294.15,294.14856887064207
757710,294.15,294.1484592645315
757740,294.15,294.1483521783723
757770,294.15,294.14824913857905
757800,294.15,294.14815158416025
757830,294.15,294.1480608469525
757860,294.15,294.1479781081083
757890,294.15,294.1479043840027
757920,294.15,294.14784052430826
757950,294.15,294.14778721911813
757980,294.15,294.1477449734334
758010,294.15,294.1477140678305
758040,294.15,294.1476946056319
758070,294.15,294.1476867796483
758100,294.15,294.14769087325647
758130,294.15,294.14770605340067
758160,294.15,294.14773103671735
758190,294.15,294.14776811771844
758220,294.15,294.1478173826183
758250,294.15,294.1478785939806
758280,294.15,294.1479508101269
758310,294.15,294.148027043227
758340,294.15,294.1481002068129
758370,294.15,294.1481685364268
758400,294.15,294.14823170545816
758430,294.15,294.1482894311433
758460,294.15,294.1483414516278
758490,294.15,294.1483875837761
758520,294.15,294.14842775876207
758550,294.15,294.14846203391403
758580,294.15,294.14849059068416
758610,294.15,294.148513726727
758640,294.15,294.14853184518853
758670,294.15,294.14854544195657
758700,294.15,294.14855509103785
758730,294.15,294.1485614282854
758760,294.15,294.14856603054614
758790,294.15,294.14857946506083
758820,294.15,294.1486090437638
758850,294.15,294.1486568656961
758880,294.15,294.14872232233023
758910,294.15,294.14880369476947
758940,294.15,294.1488988449471
758970,294.15,294.14900540498377
759000,294.15,294.1491208137334
759030,294.15,294.14924234844784
759060,294.15,294.14936718151523
759090,294.15,294.14949245401147
759120,294.15,294.1496153537227
759150,294.15,294.1497331907527
759180,294.15,294.14984346727755
759210,294.15,294.14994393971006
759240,294.15,294.15003267206635
759270,294.15,294.1501080795283
759300,294.15,294.1501689613958
759330,294.15,294.15021452288335
759360,294.15,294.15024438551103
759390,294.15,294.15025858614666
759420,294.15,294.15025756505116
759450,294.15,294.1502421435563
759480,294.15,294.1502134922532
759510,294.15,294.1501730907918
759540,294.15,294.15012268057376
759570,294.15,294.1500642117753
759600,294.15,294.1499997789262
759630,288.15,294.1484579003672
759660,288.15,294.1440914799394
759690,288.15,294.1370803639297
759720,288.15,294.12759474300236
759750,288.15,294.11579609990963
759780,288.15,294.10183647894775
759810,288.15,294.08585895309625
759840,288.15,294.0679983107356
759870,288.15,294.0483816243639
759900,288.15,294.02712871595566
759930,288.15,294.00435256534877
759960,288.15,293.9801596892934
759990,288.15,293.9546505008609
760020,288.15,293.92791965089566
760050,288.15,293.90005635137044
760080,288.15,293.87114468080506
760110,288.15,293.8412638724091
760140,288.15,293.81048858585063
760170,288.15,293.77888916358785
760200,288.15,293.7465318726538
760230,288.15,293.7134791327249
760260,288.15,293.6797897312509
760290,288.15,293.64551902413075
760320,288.15,293.61071912535164
760350,288.15,293.57543910459907
760380,288.15,293.539725140166
760410,288.15,293.50362068239474
760440,288.15,293.46716660614715
760470,288.15,293.4304013543927
760500,288.15,293.3933610733454
760530,288.15,293.3560797398066
760560,288.15,293.31858928128355
760590,288.15,293.28091968934694
760620,288.15,293.24309912662244
760650,288.15,293.20515402777835
760680,288.15,293.16710919484865
760710,288.15,293.1289878872154
760740,288.15,293.0908119065538
760770,288.15,293.0526016770295
760800,288.15,293.0143763210175
760830,288.15,292.97615373059864
760860,288.15,292.9379506350731
760890,288.15,292.89978266471644
760920,288.15,292.8616644109911
760950,288.15,292.8236094834134
760980,288.15,292.78563056326345
761010,288.15,292.7477394543156
761040,288.15,292.70994713075623
761070,288.15,292.6722637824451
761100,288.15,292.6346988576677
761130,288.15,292.597261103518
761160,288.15,292.55995860404147
761190,288.15,292.522798816261
761220,288.15,292.4857886042017
761250,288.15,292.44893427102227
761280,288.15,292.4122415893557
761310,288.15,292.37571582995395
761340,288.15,292.33936178872756
761370,288.15,292.3031838122638
761400,288.15,292.2671858219027
761430,288.15,292.23137133644434
761460,288.15,292.19574349355844
761490,288.15,292.1603050699581
761520,288.15,292.1250585004005
761550,288.15,292.0900058955695
761580,288.15,292.0551490588918
761610,288.15,292.0204895023351
761640,288.15,291.98602846123237
761670,288.15,291.9517669081714
761700,288.15,291.91770556598715
761730,288.15,291.8838449198881
761760,288.15,291.8501852287451
761790,288.15,291.81672653556706
761820,288.15,291.7834686771828
761850,288.15,291.75041129314326
761880,288.15,291.7175538338548
761910,288.15,291.68489556794617
761940,288.15,291.65243558886675
761970,288.15,291.6201728207052
762000,288.15,291.58810602320887
762030,288.15,291.55623379597307
762060,288.15,291.5245545817562
762090,288.15,291.4930666685519
762120,288.15,291.4617681906945
762150,288.15,291.43065713140606
762180,288.15,291.39973131945544
762210,288.15,291.36898842701754
762240,288.15,291.3384259655655
762270,288.15,291.30804127965325
762300,288.15,291.27783153809867
762330,288.15,291.2477937219185
762360,288.15,291.2179246080684
762390,288.15,291.18822074757304
762420,288.15,291.1586784358747
762450,288.15,291.1292936719286
762480,288.15,291.1000621001757
762510,288.15,291.0709789247064
762540,288.15,291.0420387740696
762570,288.15,291.0132354661112
762600,288.15,290.98456151713003
762630,288.15,290.9560062931988
762660,288.15,290.9275548466284
762690,288.15,290.8991991665618
762720,288.15,290.870939671634
762750,288.15,290.84277719600175
762780,288.15,290.81471152045305
762810,288.15,290.7867457045823
762840,288.15,290.7588836025644
762870,288.15,290.7311279787901
762900,288.15,290.7034803110886
762930,288.15,290.6759408419351
762960,288.15,290.64850836105563
762990,288.15,290.62117993762024
763020,288.15,290.5939543094645
763050,288.15,290.56683731484765
763080,288.15,290.5398345043362
763110,288.15,290.51294973257325
763140,288.15,290.48618478351875
763170,288.15,290.45954103877335
763200,288.15,290.4330275342015
763230,288.15,290.4066597790541
763260,288.15,290.3804497982601
763290,288.15,290.3544064268697
763320,288.15,290.3285363329997
763350,288.15,290.30284489440294
763380,288.15,290.27733667889623
763410,288.15,290.25201565806987
763440,288.15,290.22688530342714
763470,288.15,290.2019486442632
763500,288.15,290.17720831471104
763530,288.15,290.1526665954056
763560,288.15,290.1283254497736
763590,288.15,290.1041865549713
763620,288.15,290.0802513281673
763650,288.15,290.0565209490934
763680,288.15,290.0329963796681
763710,288.15,290.00967838129844
763740,288.15,289.98656753029303
763770,288.15,289.96366423170224
763800,288.15,289.94096873183
763830,288.15,289.9184811296062
763860,288.15,289.89620138697586
763890,288.15,289.87412933841557
763920,288.15,289.8522646996999
763950,288.15,289.83060707613055
763980,288.15,289.80915596993674
764010,288.15,289.7879107872819
764040,288.15,289.76687084477857
764070,288.15,289.7460353755685
764100,288.15,289.7254035350055
764130,288.15,289.70497440597757
764160,288.15,289.6847470038992
764190,288.15,289.6647202814002
764220,288.15,289.6448931327353
764250,288.15,289.62526439793504
764280,288.15,289.60583286671624
764310,288.15,289.5865972821702
764340,288.15,289.56755634424263
764370,288.15,289.54870871301927
764400,288.15,289.5300530118308
764430,288.15,289.5115878301865
764460,288.15,289.49331172654973
764490,288.15,289.475223230962
764520,288.15,289.45732084752694
764550,288.15,289.4396030567608
764580,288.15,289.4220683178176
764610,288.15,289.4047150705957
764640,288.15,289.3875417377329
764670,288.15,289.3705467264948
764700,288.15,289.35372843056405
764730,288.15,289.33708523173334
764760,288.15,289.3206155015096
764790,288.15,289.3043176026318
764820,288.15,289.2881898905081
764850,288.15,289.27223071457615
764880,288.15,289.25643841959
764910,288.15,289.24081134683746
764940,288.15,289.22534783529153
764970,288.15,289.2100462226986
765000,288.15,289.19490484660747
765030,288.15,289.1799220453403
765060,288.15,289.1650961589105
765090,288.15,289.1504255298883
765120,288.15,289.1359085042172
765150,288.15,289.12154343198347
765180,288.15,289.1073286681416
765210,288.15,289.09326257319594
765240,288.15,289.0793435138434
765270,288.15,289.065569863576
765300,288.15,289.05194000324747
765330,288.15,289.0384523216044
765360,288.15,289.0251052157838
765390,288.15,289.01189709177925
765420,288.15,288.9988263648757
765450,288.15,288.98589146005617
765480,288.15,288.9730908123803
765510,288.15,288.9604228673365
765540,288.15,288.9478860811692
765570,288.15,288.93547892118215
765600,288.15,288.92319986601854
765630,288.15,288.9110474059197
765660,288.15,288.89902004296306
765690,288.15,288.8871162912739
765720,288.15,288.8753346772193
765750,288.15,288.8636737396364
765780,288.15,288.8521320299507
765810,288.15,288.84070811233136
765840,288.15,288.8294005638257
765870,288.15,288.8182079744789
765900,288.15,288.8071289474385
765930,288.15,288.79616209904515
765960,288.15,288.78530605891063
765990,288.15,288.7745594699841
766020,288.15,288.76392098860674
766050,288.15,288.75338928455534
766080,288.15,288.7429630410764
766110,288.15,288.73264095490947
766140,288.15,288.72242173630207
766170,288.15,288.7123041090151
766200,288.15,288.70228681032086
766230,288.15,288.69236859099215
766260,288.15,288.68254821528456
766290,288.15,288.67282446091167
766320,288.15,288.6631960800558
766350,288.15,288.65366169072814
766380,288.15,288.6442199269967
766410,288.15,288.6348695719841
766440,288.15,288.62560947019716
766470,288.15,288.61643849280375
766500,288.15,288.60735552375866
766530,288.15,288.5983594572829
766560,288.15,288.58944919876143
766590,288.15,288.5806236657376
766620,288.15,288.5718817883417
766650,288.15,288.5632225093368
766680,288.15,288.55464478402246
766710,288.15,288.5461475801168
766740,288.15,288.53772987764864
766770,288.15,288.5293906688592
766800,288.15,288.52112895915764
766830,288.15,288.51294377586464
766860,288.15,288.5048341829727
766890,288.15,288.4967992673076
766920,288.15,288.4888381302833
766950,288.15,288.48094988491926
766980,288.15,288.4731336551185
767010,288.15,288.46538857562626
767040,288.15,288.45771379201807
767070,288.15,288.45010846058824
767100,288.15,288.4425717481731
767130,288.15,288.4351028319539
767160,288.15,288.4277008992612
767190,288.15,288.42036514738726
767220,288.15,288.41309478340526
767250,288.15,288.40588902399406
767280,288.15,288.39874709526765
767310,288.15,288.39166823260825
767340,288.15,288.3846516805029
767370,288.15,288.37769669238367
767400,288.15,288.3708025304698
767430,288.15,288.3639684656134
767460,288.15,288.35719377714634
767490,288.15,288.35047775272807
767520,288.15,288.34381968819514
767550,288.15,288.3372188874194
767580,288.15,288.33067466215095
767610,288.15,288.32418633186984
767640,288.15,288.317753223635
767670,288.15,288.31137467193037
767700,288.15,288.3050500185073
767730,288.15,288.29877861222064
767760,288.15,288.29255980885534
767790,288.15,288.28639297092207
767820,288.15,288.2802774673712
767850,288.15,288.2742126732425
767880,288.15,288.26819796930425
767910,288.15,288.26223274177835
767940,288.15,288.2563163822052
767970,288.15,288.2504482874843
768000,288.15,288.2446278601115
768030,288.15,288.2388545085547
768060,288.15,288.23312764776693
768090,288.15,288.2274466998208
768120,288.15,288.2218110945871
768150,288.15,288.2162202703042
768180,288.15,288.21067367387104
768210,288.15,288.2051707609027
768240,288.15,288.1997109956688
768270,288.15,288.1942938510172
768300,288.15,288.18891880830006
768330,288.15,288.1835853572964
768360,288.15,288.1782929961095
768390,288.15,288.1730412310349
768420,288.15,288.1678295756396
768450,288.15,288.1626577728277
768480,288.15,288.15752746444906
768510,288.15,288.1524428382921
768540,288.15,288.1474110483068
768570,288.15,288.14244220183525
768600,288.15,288.13754964329826
768630,288.15,288.1327502452214
768660,288.15,288.1280646576263
768690,288.15,288.1235176016125
768720,288.15,288.11913808587485
768750,288.15,288.1149594511894
768780,288.15,288.111019177302
768810,288.15,288.1073583471633
768840,288.15,288.10402073863924
768870,288.15,288.10105153454
768900,288.15,288.0984957533985
768930,288.15,288.09639653659576
768960,288.15,288.09479344857465
768990,288.15,288.09372090767397
769020,288.15,288.09320679704985
769050,288.15,288.0932712242499
769080,288.15,288.09392545457445
769110,288.15,288.09517105783146
769140,288.15,288.0969992973123
769170,288.15,288.0993908385732
769200,288.15,288.10231584745935
769230,288.15,288.105734516538
769260,288.15,288.10959801810316
769290,288.15,288.11384984071964
769320,288.15,288.1184274324766
769350,288.15,288.12326405693955
769380,288.15,288.12829071700776
769410,288.15,288.13343817362403
769440,288.15,288.1386386662331
769470,288.15,288.143827411346
769500,288.15,288.1489442462227
769530,288.15,288.1539343412099
769560,288.15,288.15874872992805
769590,288.15,288.1633452446234
769620,288.15,288.16768886250986
769650,288.15,288.1717514270458
769680,288.15,288.17551122509747
769710,288.15,288.1789525511905
769740,288.15,288.18206521404073
769770,288.15,288.1848439567818
769800,288.15,288.18728781590073
769830,288.15,288.1893995102482
769860,288.15,288.19118472672335
769890,288.15,288.19265143948195
769920,288.15,288.19380955226876
769950,288.15,288.19467033562034
769980,288.15,288.1952460692196
770010,288.15,288.19554952702765
770040,288.15,288.1955930310115
770070,288.15,288.1953883875973
770100,288.15,288.19494691960915
770130,288.15,288.1942794784326
770160,288.15,288.193396471632
770190,288.15,288.19230787578226
770220,288.15,288.1910233037413
770250,288.15,288.1895527976513
770280,288.15,288.1879060645285
770310,288.15,288.18609182515786
770340,288.15,288.18411796878337
770370,288.15,288.1819920498538
770400,288.15,288.17972151328945
770430,288.15,288.17731352125674
770460,288.15,288.1747749150185
770490,288.15,288.17211225571515
770520,288.15,288.16933218785954
770550,288.15,288.16644191867306
770580,288.15,288.1634492159292
770610,288.15,288.1603625783529
770640,288.15,288.15719148495276
770670,288.15,288.1539465816761
770700,288.15,288.150639673296
770730,288.15,288.1472839841496
770760,288.15,288.1438943718805
770790,288.15,288.1404874610089
770820,288.15,288.13708174416985
770850,288.15,288.13369765164657
770880,288.15,288.1303576085275
770910,288.15,288.1270859855966
770940,288.15,288.1239090413904
770970,288.15,288.1208547524285
771000,288.15,288.1179525944201
771030,288.15,288.11523320933486
771060,288.15,288.11272797320805
771090,288.15,288.1104684576095
771120,288.15,288.1084857842881
771150,288.15,288.10680988206053
771180,288.15,288.1054687202698
771210,288.15,288.10448742332323
771240,288.15,288.10388738486154
771270,288.15,288.1036854354518
771300,288.15,288.10389307237034
771330,288.15,288.10451580794717
771360,288.15,288.1055526782785
771390,288.15,288.1069959480209
771420,288.15,288.1088310364739
771450,288.15,288.1110366836607
771480,288.15,288.11358535826236
771510,288.15,288.1164438038406
771540,288.15,288.11957385809563
771570,288.15,288.1229335136201
771600,288.15,288.126477752883
771630,288.15,288.1301598924147
771660,288.15,288.1339325706721
771690,288.15,288.1377488219156
771720,288.15,288.1415630646596
771750,288.15,288.1453319780598
771780,288.15,288.14901509203094
771810,288.15,288.15257544179224
771840,288.15,288.1559800255535
771870,288.15,288.15919995848463
771900,288.15,288.16221057670265
771930,288.15,288.16499141122193
771960,288.15,288.1675260562604
771990,288.15,288.1698019520187
772020,288.15,288.1718101041622
772050,288.15,288.1735447610577
772080,288.15,288.17500306754897
772110,288.15,288.1761847114162
772140,288.15,288.1770915759392
772170,288.15,288.1777274092993
772200,288.15,288.1780975190201
772230,288.15,288.17820849733766
772260,288.15,288.17806798137104
772290,288.15,288.17768445025115
772320,288.15,288.1770670599497
772350,288.15,288.17622551541734
772380,288.15,288.17516997874253
772410,288.15,288.1739110117758
772440,288.15,288.17245955109877
772470,288.15,288.1708269066837
772500,288.15,288.1690247889348
772530,288.15,288.16706536117397
772560,288.15,288.16496130545625
772590,288.15,288.1627259026829
772620,288.15,288.1603731214053
772650,288.15,288.15791771083315
772680,288.15,288.1553752929186
772710,288.15,288.15276244804545
772740,288.15,288.1500967885596
772770,288.15,288.147397014125
772800,288.15,288.14468294267147
772830,288.15,288.1419755105594
772860,288.15,288.13929673556424
772890,288.15,288.1366696364512
772920,288.15,288.1341181031202
772950,288.15,288.1316667126336
772980,288.15,288.1293404905778
773010,288.15,288.1271646048749
773040,288.15,288.12516400523657
773070,288.15,288.1233630065929
773100,288.15,288.1217848233458
773130,288.15,288.1204510652273
773160,288.15,288.1193812096777
773190,288.15,288.11859206934224
773220,288.15,288.1180972747053
773250,288.15,288.1179067985307
773280,288.15,288.11802656610115
773310,288.15,288.11845808679664
773340,288.15,288.11919828132227
773370,288.15,288.12023936227985
773400,288.15,288.1215688748449
773430,288.15,288.1231698743773
773460,288.15,288.12502123537234
773490,288.15,288.12709808051164
773520,288.15,288.1293723133715
773550,288.15,288.1318132335826
773580,288.15,288.1343882094107
773610,288.15,288.1370633802439
773640,288.15,288.1398043606814
773670,288.15,288.14257691961615
773700,288.15,288.14534761119023
773730,288.15,288.1480843388702
773760,288.15,288.15075683884953
773790,288.15,288.15333707416795
773820,288.15,288.15579953598444
773850,288.15,288.1581214530343
773880,288.15,288.16028291420906
773910,288.15,288.1622669133755
773940,288.15,288.1640593271243
773970,288.15,288.1656488223402
774000,288.15,288.16702673368883
774030,288.15,288.16818690622955
774060,288.15,288.16912551245366
774090,288.15,288.1698408580081
774120,288.15,288.1703331841087
774150,288.15,288.1706044746569
774180,288.15,288.1706582741469
774210,288.15,288.17049952092736
774240,288.15,288.17013439903803
774270,288.15,288.16957021063007
774300,288.15,288.16881526988993
774330,288.15,288.16787881840867
774360,288.15,288.1667709610847
774390,288.15,288.1655026209043
774420,288.15,288.1640855103027
774450,288.15,288.16253211626054
774480,288.15,288.16085569581816
774510,288.15,288.15907027890677
774540,288.15,288.1571906748143
774570,288.15,288.15523247002994
774600,288.15,288.15321202731525
774630,288.15,288.1511464731099
774660,288.15,288.14905366956407
774690,288.15,288.14695216528327
774720,288.15,288.1448611220268
774750,288.15,288.14280021372605
774780,288.15,288.14078949461094
774810,288.15,288.13884923405135
774840,288.15,288.13699971687214
774870,288.15,288.1352610093145
774900,288.15,288.1336526924533
774930,288.15,288.1321935667222
774960,288.15,288.1309013331744
774990,288.15,288.12979225912994
775020,288.15,288.1288808377863
775050,288.15,288.1281794530467
775080,288.15,288.1276980620733
775110,288.15,288.12744390820137
775140,288.15,288.1274212771192
775170,288.15,288.1276313154564
775200,288.15,288.12807190818546
775230,288.15,288.1287376349106
775260,288.15,288.1296198060328
775290,288.15,288.1307065808139
775320,288.15,288.13198316526393
775350,288.15,288.13343208413005
775380,288.15,288.13503351789996
775410,288.15,288.13676569289885
775440,288.15,288.13860531044514
775470,288.15,288.1405279997585
775500,288.15,288.1425087789316
775530,288.15,288.1445225087731
775560,288.15,288.14654432561025
775590,288.15,288.1485500410698
775620,288.15,288.1505164992483
775650,288.15,288.15242188434877
775680,288.15,288.15424597459696
775710,288.15,288.15597034188625
775740,288.15,288.1575784974685
775770,288.15,288.1590559733659
775800,288.15,288.16039038209317
775830,288.15,288.16157141501225
775860,288.15,288.16259081157847
775890,288.15,288.16344230003983
775920,288.15,288.1641215164313
775950,288.15,288.16462590829354
775980,288.15,288.1649546289727
776010,288.15,288.1651084276549
776040,288.15,288.16508953948306
776070,288.15,288.164901579258
776100,288.15,288.16454944135967
776130,288.15,288.16403920768073
776160,288.15,288.1633780645601
776190,288.15,288.162574228954
776220,288.15,288.1616368834061
776250,288.15,288.16057611877403
776280,288.15,288.15940288314357
776310,288.15,288.1581289349231
776340,288.15,288.1567667977497
776370,288.15,288.15532971500585
776400,288.15,288.153831601292
776430,288.15,288.15228698227224
776460,288.15,288.1507109315225
776490,288.15,288.1491189932211
776520,288.15,288.1475270902803
776550,288.15,288.1459514152519
776580,288.15,288.1444083029948
776610,288.15,288.1429140843389
776640,288.15,288.141484920663
776670,288.15,288.14013662020756
776700,288.15,288.1388844379908
776730,288.15,288.13774286231643
776760,288.15,288.1367253919797
776790,288.15,288.1358443093523
776820,288.15,288.13511045547807
776850,288.15,288.1345330140729
776880,288.15,288.13411931181594
776910,288.15,288.13387464205607
776940,288.15,288.13380211923663
776970,288.15,288.1339025762882
777000,288.15,288.13417449762954
777030,288.15,288.13461400409915
777060,288.15,288.1352148878474
777090,288.15,288.13596869813165
777120,288.15,288.136864876618
777150,288.15,288.1378909392982
777180,288.15,288.139032699326
777210,288.15,288.14027451815826
777240,288.15,288.14159959779744
777270,288.15,288.1429902761277
777300,288.15,288.1444283361528
777330,288.15,288.1458953143457
777360,288.15,288.1473728000338
777390,288.15,288.1488427182063
777420,288.15,288.1502875894169
777450,288.15,288.15169076185236
777480,288.15,288.15303661210237
777510,288.15,288.1543107132336
777540,288.15,288.155499969181
777570,288.15,288.15659270828854
777600,288.15,288.1575787614635
