time,reaTZon_y,oveTSet_u
1382400,294.4643919860063,294.34999999999997
1382430,294.46549037651596,294.15
1382460,294.46658123464636,294.15
1382490,294.4676634024553,294.15
1382520,294.468735608953,294.15
1382550,294.46979669644054,294.15
1382580,294.4708456839777,294.15
1382610,294.47188175666145,294.15
1382640,294.4729042432594,294.15
1382670,294.4739125977703,294.15
1382700,294.4749063743376,294.15
1382730,294.475885208185,294.15
1382760,294.47684879926226,294.15
1382790,294.47779690261336,294.15
1382820,294.47872932175574,294.15
1382850,294.47964590257084,294.15
1382880,294.48054652757196,294.15
1382910,294.4814311110133,294.15
1382940,294.4822995949828,294.15
1382970,294.4831519462095,294.15
1383000,294.4839881532904,294.15
1383030,294.48480822418816,294.15
1383060,294.4856121839748,294.15
1383090,294.4864000728202,294.15
1383120,294.48717194420783,294.15
1383150,294.4879278633412,294.15
1383180,294.48866790570935,294.15
1383210,294.4893921557933,294.15
1383240,294.4901007059,294.15
1383270,294.490793655108,294.15
1383300,294.4914711083643,294.15
1383330,294.49212558184934,294.15
1383360,294.492764904527,294.15
1383390,294.49338919667383,294.15
1383420,294.4939985807212,294.15
1383450,294.49459318082774,294.15
1383480,294.49517312249276,294.15
1383510,294.4957385322093,294.15
1383540,294.4962895371533,294.15
1383570,294.4968262649059,294.15
1383600,294.497348843206,294.15
1383630,294.4978573997305,294.15
1383660,294.49835206189925,294.15
1383690,294.49883295670406,294.15
1383720,294.4993002105571,294.15
1383750,294.4997539491596,294.15
1383780,294.500194297387,294.15
1383810,294.50062137919065,294.15
1383840,294.5010353175127,294.15
1383870,294.5014362342147,294.15
1383900,294.50182425001765,294.15
1383930,294.50219948615967,294.15
1383960,294.5025620574123,294.15
1383990,294.5029120826431,294.15
1384020,294.5032496776032,294.15
1384050,294.5035749567402,294.15
1384080,294.50388803318646,294.15
1384110,294.504189018753,294.15
1384140,294.5044780239281,294.15
1384170,294.5047551578795,294.15
1384200,294.50502052846076,294.15
1384230,294.5052742446762,294.15
1384260,294.50551640911397,294.15
1384290,294.50574712576287,294.15
1384320,294.50596649734496,294.15
1384350,294.5061746253326,294.15
1384380,294.50637160996564,294.15
1384410,294.50655755026946,294.15
1384440,294.50673254407354,294.15
1384470,294.50689668802994,294.15
1384500,294.507050077632,294.15
1384530,294.5071928072325,294.15
1384560,294.5073249700614,294.15
1384590,294.5074466582429,294.15
1384620,294.5075579628117,294.15
1384650,294.507658973728,294.15
1384680,294.50774977989204,294.15
1384710,294.50783046915683,294.15
1384740,294.50790112833954,294.15
1384770,294.507961843232,294.15
1384800,294.5080126986095,294.15
1384830,294.50805377823775,294.15
1384860,294.5080851648789,294.15
1384890,294.50810694029525,294.15
1384920,294.5081191852522,294.15
1384950,294.5081219795187,294.15
1384980,294.5081154018669,294.15
1385010,294.50809953006905,294.15
1385040,294.50807444089423,294.15
1385070,294.5080402101024,294.15
1385100,294.5079969124372,294.15
1385130,294.50794462378974,294.15
1385160,294.5078834144547,294.15
1385190,294.50781335608366,294.15
1385220,294.50773451926875,294.15
1385250,294.5076469735278,294.15
1385280,294.5075507872889,294.15
1385310,294.50744602787364,294.15
1385340,294.50733276148003,294.15
1385370,294.5072110531638,294.15
1385400,294.5070809668189,294.15
1385430,294.50694256515783,294.15
1385460,294.50679590969105,294.15
1385490,294.50664106070553,294.15
1385520,294.5064780772435,294.15
1385550,294.50630701708053,294.15
1385580,294.5061279367036,294.15
1385610,294.50594089128924,294.15
1385640,294.50574593582706,294.15
1385670,294.50554312041777,294.15
1385700,294.50533249741966,294.15
1385730,294.50511411784237,294.15
1385760,294.50488802730837,294.15
1385790,294.5046542740811,294.15
1385820,294.5044129035822,294.15
1385850,294.50416395975327,294.15
1385880,294.5039074850489,294.15
1385910,294.50364352042163,294.15
1385940,294.5033721053089,294.15
1385970,294.50309327762136,294.15
1386000,294.5028095404492,294.15
1386030,294.5025159815579,294.15
1386060,294.5022151048661,294.15
1386090,294.5019069320044,294.15
1386120,294.50159147982777,294.15
1386150,294.5012687609571,294.15
1386180,294.50093878431977,294.15
1386210,294.5006015556826,294.15
1386240,294.5002570781676,294.15
1386270,294.4999053527488,294.15
1386300,294.49954637872315,294.15
1386330,294.49918015415636,294.15
1386360,294.49880667629964,294.15
1386390,294.4984259419773,294.15
1386420,294.49803794794605,294.15
1386450,294.49764269122375,294.15
1386480,294.4972401693907,294.15
1386510,294.4968303808623,294.15
1386540,294.4964133251348,294.15
1386570,294.4959890030059,294.15
1386600,294.4955574167699,294.15
1386630,294.49511857141664,294.15
1386660,294.49467247065,294.15
1386690,294.49421912325676,294.15
1386720,294.4937585390263,294.15
1386750,294.4932907298996,294.15
1386780,294.4928157100445,294.15
1386810,294.4923334959154,294.15
1386840,294.49184410629863,294.15
1386870,294.49134756234525,294.15
1386900,294.4908438875908,294.15
1386930,294.49033310938137,294.15
1386960,294.4898152546118,294.15
1386990,294.48929035398726,294.15
1387020,294.4887584405756,294.15
1387050,294.4882195497819,294.15
1387080,294.48767371931535,294.15
1387110,294.4871209891513,294.15
1387140,294.4865614014866,294.15
1387170,294.48599500069054,294.15
1387200,294.4854218332524,294.15
1387230,294.484841947724,294.15
1387260,294.48425539466,294.15
1387290,294.483662226555,294.15
1387320,294.48306249777875,294.15
1387350,294.4824562645089,294.15
1387380,294.48184358466267,294.15
1387410,294.48122451782694,294.15
1387440,294.4805991251877,294.15
1387470,294.479967469459,294.15
1387500,294.4793296148105,294.15
1387530,294.4786856273998,294.15
1387560,294.47803557295833,294.15
1387590,294.4773795201221,294.15
1387620,294.4767175381678,294.15
1387650,294.4760496974714,294.15
1387680,294.475376069439,294.15
1387710,294.4746967264373,294.15
1387740,294.47401174172614,294.15
1387770,294.4733211893913,294.15
1387800,294.4726251442791,294.15
1387830,294.4719236825278,294.15
1387860,294.4712168797631,294.15
1387890,294.47050654984355,294.15
1387920,294.4697915623277,294.15
1387950,294.4690715899607,294.15
1387980,294.4683465748666,294.15
1388010,294.46761654973346,294.15
1388040,294.46688157788776,294.15
1388070,294.46614173318477,294.15
1388100,294.4653970932328,294.15
1388130,294.46464773708396,294.15
1388160,294.4638937444205,294.15
1388190,294.4631351952445,294.15
1388220,294.462372169736,294.15
1388250,294.46160474817054,294.15
1388280,294.4608330108565,294.15
1388310,294.46005703808225,294.15
1388340,294.4592769100665,294.15
1388370,294.4584927069128,294.15
1388400,294.45770450856605,294.15
1388430,294.4569123947714,294.15
1388460,294.45611644503566,294.15
1388490,294.45531673859125,294.15
1388520,294.4545133543621,294.15
1388550,294.45370637093157,294.15
1388580,294.4528958665132,294.15
1388610,294.452081918923,294.15
1388640,294.45126460555423,294.15
1388670,294.45044400335354,294.15
1388700,294.44962018880017,294.15
1388730,294.44879173246454,294.15
1388760,294.4479605531933,294.15
1388790,294.4471269352169,294.15
1388820,294.446290876165,294.15
1388850,294.44545209984267,294.15
1388880,294.44461063743347,294.15
1388910,294.4437665052178,294.15
1388940,294.4429197642461,294.15
1388970,294.4420704767708,294.15
1389000,294.44121871148536,294.15
1389030,294.4403645373711,294.15
1389060,294.439508023956,294.15
1389090,294.4386492404012,294.15
1389120,294.43778825546127,294.15
1389150,294.436925137342,294.15
1389180,294.43605995368426,294.15
1389210,294.43519277154394,294.15
1389240,294.43432365739136,294.15
1389270,294.4334526771129,294.15
1389300,294.43257989510505,294.15
1389330,294.43170536843775,294.15
1389360,294.4308291677971,294.15
1389390,294.4299513583435,294.15
1389420,294.42907200367665,294.15
1389450,294.428191166524,294.15
1389480,294.42730890897855,294.15
1389510,294.4264252925872,294.15
1389540,294.4255403783901,294.15
1389570,294.42465422694306,294.15
1389600,294.42376689339886,294.15
1389630,294.422878051466,294.15
1389660,294.421988295447,294.15
1389690,294.42109752477086,294.15
1389720,294.4202056318667,294.15
1389750,294.4193125808823,294.15
1389780,294.41841835593857,294.15
1389810,294.41752294473395,294.15
1389840,294.4166263369483,294.15
1389870,294.4157285228482,294.15
1389900,294.41482949277173,294.15
1389930,294.4139292369676,294.15
1389960,294.41302774554975,294.15
1389990,294.41212500849343,294.15
1390020,294.41122101564963,294.15
1390050,294.4103157567723,294.15
1390080,294.409409221553,294.15
1390110,294.40850139965994,294.15
1390140,294.4075922807792,294.15
1390170,294.40668185463585,294.15
1390200,294.4057701104496,294.15
1390230,294.4048570386329,294.15
1390260,294.40394262946495,294.15
1390290,294.40302687333985,294.15
1390320,294.4021097608419,294.15
1390350,294.4011912827773,294.15
1390380,294.4002714301899,294.15
1390410,294.3993501943649,294.15
1390440,294.3984275668256,294.15
1390470,294.3975035393232,294.15
1390500,294.3965781040583,294.15
1390530,294.3956508298952,294.15
1390560,294.3947223950727,294.15
1390590,294.3937926976047,294.15
1390620,294.39286158006695,294.15
1390650,294.3919290096468,294.15
1390680,294.3909949798016,294.15
1390710,294.39005948579563,294.15
1390740,294.3891225214147,294.15
1390770,294.3881840794613,294.15
1390800,294.3872441522385,294.15
1390830,294.38630273170315,294.15
1390860,294.385359809462,294.15
1390890,294.3844153767205,294.15
1390920,294.38346942422424,294.15
1390950,294.3825219422002,294.15
1390980,294.3815729203001,294.15
1391010,294.3806223475462,294.15
1391040,294.37967021227917,294.15
1391070,294.37871650210906,294.15
1391100,294.37776120269086,294.15
1391130,294.3768043003418,294.15
1391160,294.37584578067526,294.15
1391190,294.37488562804583,294.15
1391220,294.373923825834,294.15
1391250,294.3729603564574,294.15
1391280,294.37199520136176,294.15
1391310,294.37102834101165,294.15
1391340,294.37005975488285,294.15
1391370,294.36908942146147,294.15
1391400,294.36811731906175,294.15
1391430,294.3671425727128,294.15
1391460,294.3661662470503,294.15
1391490,294.3651883559511,294.15
1391520,294.36420881396776,294.15
1391550,294.36322743771524,294.15
1391580,294.36224417091455,294.15
1391610,294.3612589627668,294.15
1391640,294.3602717776761,294.15
1391670,294.3592825823242,294.15
1391700,294.35829134508936,294.15
1391730,294.3572980345089,294.15
1391760,294.3563026190696,294.15
1391790,294.3553050670739,294.15
1391820,294.3543053466781,294.15
1391850,294.35330342596694,294.15
1391880,294.3522992730599,294.15
1391910,294.35129285622867,294.15
1391940,294.3502841440251,294.15
1391970,294.34927310541593,294.15
1392000,294.34825971056546,294.15
1392030,294.3472439321,294.15
1392060,294.3462257385685,294.15
1392090,294.3452051015131,294.15
1392120,294.3441819939533,294.15
1392150,294.343156390339,294.15
1392180,294.342128266646,294.15
1392210,294.34109760052013,294.15
1392240,294.34006437143813,294.15
1392270,294.3390285608757,294.15
1392300,294.33799015430594,294.15
1392330,294.33694817967194,294.15
1392360,294.3359040669691,294.15
1392390,294.3348576679781,294.15
1392420,294.333808722877,294.15
1392450,294.33275716368297,294.15
1392480,294.3317029726088,294.15
1392510,294.33064614804346,294.15
1392540,294.3295866954862,294.15
1392570,294.32852462510846,294.15
1392600,294.32745995116414,294.15
1392630,294.3263926919208,294.15
1392660,294.3253228697332,294.15
1392690,294.3242505111524,294.15
1392720,294.32317564703783,294.15
1392750,294.3220983126631,294.15
1392780,294.3210185478128,294.15
1392810,294.319936396869,294.15
1392840,294.31885190888556,294.15
1392870,294.31776513765055,294.15
1392900,294.3166761428136,294.15
1392930,294.3155849879699,294.15
1392960,294.31449174057184,294.15
1392990,294.31339647358897,294.15
1393020,294.31229926490494,294.15
1393050,294.3112001972439,294.15
1393080,294.3100993581148,294.15
1393110,294.30899683974997,294.15
1393140,294.30789273902985,294.15
1393170,294.3067871573918,294.15
1393200,294.3056801931139,294.15
1393230,294.3045715327633,294.15
1393260,294.30346165745584,294.15
1393290,294.30235032426776,294.15
1393320,294.3012373190014,294.15
1393350,294.30012250205573,294.15
1393380,294.29900577390106,294.15
1393410,294.2978870567406,294.15
1393440,294.2967662871388,294.15
1393470,294.2956434135675,294.15
1393500,294.2945183953441,294.15
1393530,294.2933912017955,294.15
1393560,294.29226181144065,294.15
1393590,294.29113021121174,294.15
1393620,294.2899963957439,294.15
1393650,294.28886036674305,294.15
1393680,294.2877221324235,294.15
1393710,294.28658170701016,294.15
1393740,294.2854391102952,294.15
1393770,294.28429436761974,294.15
1393800,294.28314751225616,294.15
1393830,294.28199857613447,294.15
1393860,294.28084759713624,294.15
1393890,294.27969461746875,294.15
1393920,294.27853968320153,294.15
1393950,294.2773828439771,294.15
1393980,294.2762241527926,294.15
1394010,294.2750636658159,294.15
1394040,294.2739014422213,294.15
1394070,294.2727375440412,294.15
1394100,294.27157203079116,294.15
1394130,294.2704043331371,294.15
1394160,294.2692354641911,294.15
1394190,294.26806545385364,294.15
1394220,294.26689427216525,294.15
1394250,294.2657218909909,294.15
1394280,294.26454835831703,294.15
1394310,294.26337373968886,294.15
1394340,294.2621981122088,294.15
1394370,294.26102155818035,294.15
1394400,294.259844163181,294.15
1394430,294.2586660150697,294.15
1394460,294.25748720356876,294.15
1394490,294.25630782005317,294.15
1394520,294.2551279574338,294.15
1394550,294.2539477100797,294.15
1394580,294.25276717375885,294.15
1394610,294.2515864455868,294.15
1394640,294.25040562398004,294.15
1394670,294.2492248086119,294.15
1394700,294.2480440981567,294.15
1394730,294.2468635891424,294.15
1394760,294.2456833911385,294.15
1394790,294.24450360952324,294.15
1394820,294.2433243499712,294.15
1394850,294.2421457189364,294.15
1394880,294.2409678237931,294.15
1394910,294.23979077286316,294.15
1394940,294.23861467540627,294.15
1394970,294.2374396415971,294.15
1395000,294.236265765974,294.15
1395030,294.23509375808146,294.15
1395060,294.233922950017,294.15
1395090,294.2327534752069,294.15
1395120,294.23158553812436,294.15
1395150,294.2304193122659,294.15
1395180,294.2292549323215,294.15
1395210,294.2280925222882,294.15
1395240,294.2269322021885,294.15
1395270,294.2257740910378,294.15
1395300,294.22461830788825,294.15
1395330,294.22346497221594,294.15
1395360,294.2223142040555,294.15
1395390,294.22116612404136,294.15
1395420,294.2200208534137,294.15
1395450,294.218878514013,294.15
1395480,294.2177392282688,294.15
1395510,294.21660311918885,294.15
1395540,294.2154703103465,294.15
1395570,294.2143409258699,294.15
1395600,294.21321508830556,294.15
1395630,294.2120929207239,294.15
1395660,294.21097455249617,294.15
1395690,294.2098601104269,294.15
1395720,294.20874972144185,294.15
1395750,294.2076435128329,294.15
1395780,294.20654161233597,294.15
1395810,294.20544414815214,294.15
1395840,294.20435124894914,294.15
1395870,294.2032630438573,294.15
1395900,294.2021796407063,294.15
1395930,294.2011030811102,294.15
1395960,294.2000306841657,294.15
1395990,294.19896282101547,294.15
1396020,294.19790008935115,294.15
1396050,294.1968427684852,294.15
1396080,294.19579103867443,294.15
1396110,294.19474504800746,294.15
1396140,294.19370493430586,294.15
1396170,294.1926708323181,294.15
1396200,294.19164287607833,294.15
1396230,294.1906211996767,294.15
1396260,294.1896059375048,294.15
1396290,294.18859722433126,294.15
1396320,294.1875951953203,294.15
1396350,294.18659998603187,294.15
1396380,294.185611732417,294.15
1396410,294.1846305708111,294.15
1396440,294.1836566379274,294.15
1396470,294.1826900708501,294.15
1396500,294.18173100742695,294.15
1396530,294.1807795855628,294.15
1396560,294.1798359429903,294.15
1396590,294.1789002181537,294.15
1396620,294.1779725498841,294.15
1396650,294.17705307736503,294.15
1396680,294.17614194011753,294.15
1396710,294.1752392779922,294.15
1396740,294.1743452311632,294.15
1396770,294.17345994012356,294.15
1396800,294.1725835236289,294.15
1396830,294.1717193659818,294.15
1396860,294.17086225314335,294.15
1396890,294.1700124873472,294.15
1396920,294.16917070010413,294.15
1396950,294.16833695343723,294.15
1396980,294.16751114727526,294.15
1397010,294.1666931376666,294.15
1397040,294.16588277396886,294.15
1397070,294.1650799101326,294.15
1397100,294.16428440766265,294.15
1397130,294.1634961359571,294.15
1397160,294.1627149718673,294.15
1397190,294.16194079906984,294.15
1397220,294.161173507435,294.15
1397250,294.1604129924443,294.15
1397280,294.15965915466836,294.15
1397310,294.158911899303,294.15
1397340,294.15817113575815,294.15
1397370,294.1574367772936,294.15
1397400,294.1567087403139,294.15
1397430,294.15598694477956,294.15
1397460,294.1552713141132,294.15
1397490,294.1545617741353,294.15
1397520,294.15385825317185,294.15
1397550,294.15316068190054,294.15
1397580,294.15246899319493,294.15
1397610,294.1517831219796,294.15
1397640,294.151103005096,294.15
1397670,294.15042858118113,294.15
1397700,294.14975979966164,294.15
1397730,294.14909934296,294.15
1397760,294.1484443489102,294.15
1397790,294.1477947640681,294.15
1397820,294.1471505362217,294.15
1397850,294.1465116143307,294.15
1397880,294.1458779484692,294.15
1397910,294.1452494897724,294.15
1397940,294.14462619038545,294.15
1397970,294.1440080034155,294.15
1398000,294.143394882886,294.15
1398030,294.14278678369465,294.15
1398060,294.14218366157195,294.15
1398090,294.14158547304334,294.15
1398120,294.140992175393,294.15
1398150,294.14040372662964,294.15
1398180,294.13982008545383,294.15
1398210,294.1392412112277,294.15
1398240,294.138667063946,294.15
1398270,294.1380976042085,294.15
1398300,294.1375327931943,294.15
1398330,294.1369725924689,294.15
1398360,294.1364169646492,294.15
1398390,294.1358658723262,294.15
1398420,294.13531927876403,294.15
1398450,294.13477714769624,294.15
1398480,294.13423944330725,294.15
1398510,294.13370613021476,294.15
1398540,294.13317717345325,294.15
1398570,294.1326525384582,294.15
1398600,294.13213219105137,294.15
1398630,294.1316160606465,294.15
1398660,294.131103761522,294.15
1398690,294.13059495831436,294.15
1398720,294.1300896924142,294.15
1398750,294.12958841763196,294.15
1398780,294.129091152805,294.15
1398810,294.1285979435507,294.15
1398840,294.12810877200513,294.15
1398870,294.1276236193382,294.15
1398900,294.12714245723043,294.15
1398930,294.1266652566394,294.15
1398960,294.12619198722587,294.15
1398990,294.1257226186308,294.15
1399020,294.12525712048875,294.15
1399050,294.12479546261864,294.15
1399080,294.1243376150372,294.15
1399110,294.12388354798486,294.15
1399140,294.12343323192687,294.15
1399170,294.12298663755314,294.15
1399200,294.1225437361942,294.15
1399230,294.1221045023391,294.15
1399260,294.12166890446315,294.15
1399290,294.12123691345374,294.15
1399320,294.1208085008494,294.15
1399350,294.1203836385415,294.15
1399380,294.11996229867185,294.15
1399410,294.11954445359686,294.15
1399440,294.1191300758734,294.15
1399470,294.1187191382526,294.15
1399500,294.1183116159714,294.15
1399530,294.11790907480855,294.15
1399560,294.1175094165423,294.15
1399590,294.1171125647255,294.15
1399620,294.11671861643055,294.15
1399650,294.11632783127584,294.15
1399680,294.11594023816826,294.15
1399710,294.11555585213887,294.15
1399740,294.11517465967825,294.15
1399770,294.11479664174163,294.15
1399800,294.1144217753189,294.15
1399830,294.1140500363209,294.15
1399860,294.1136814001703,294.15
1399890,294.1133158422193,294.15
1399920,294.1129533378769,294.15
1399950,294.11259386267466,294.15
1399980,294.1122373922905,294.15
1400010,294.11188390255916,294.15
1400040,294.1115333694755,294.15
1400070,294.11118576919637,294.15
1400100,294.1108410785445,294.15
1400130,294.11049927584077,294.15
1400160,294.1101603358592,294.15
1400190,294.10982423504197,294.15
1400220,294.1094909502285,294.15
1400250,294.10916045849774,294.15
1400280,294.10883273711397,294.15
1400310,294.1085077635099,294.15
1400340,294.10818551527984,294.15
1400370,294.1078659701776,294.15
1400400,294.10754910898515,294.15
1400430,294.10723585993725,294.15
1400460,294.1069247542051,294.15
1400490,294.10661593101713,294.15
1400520,294.10630964338395,294.15
1400550,294.10600595086015,294.15
1400580,294.10570486977133,294.15
1400610,294.10540640833716,294.15
1400640,294.1051105753721,294.15
1400670,294.1048173823755,294.15
1400700,294.1045268438893,294.15
1400730,294.1042389773885,294.15
1400760,294.1039538030426,294.15
1400790,294.1036713434403,294.15
1400820,294.1033916233052,294.15
1400850,294.1031146692105,294.15
1400880,294.10284050929727,294.15
1400910,294.1025691729981,294.15
1400940,294.10230069076897,294.15
1400970,294.10203509382984,294.15
1401000,294.1017724145976,294.15
1401030,294.10151268509316,294.15
1401060,294.1012559368191,294.15
1401090,294.10100220157545,294.15
1401120,294.10075151085914,294.15
1401150,294.1005038956413,294.15
1401180,294.1002593861833,294.15
1401210,294.1000180118745,294.15
1401240,294.09977980108613,294.15
1401270,294.0995447810399,294.15
1401300,294.0993129759812,294.15
1401330,294.099085625675,294.15
1401360,294.0988609437997,294.15
1401390,294.0986391177077,294.15
1401420,294.0984204768706,294.15
1401450,294.0982051241691,294.15
1401480,294.0979931012199,294.15
1401510,294.0977844303884,294.15
1401540,294.0975791270047,294.15
1401570,294.0973772030246,294.15
1401600,294.09717866813446,294.15
1401630,294.0969835300909,294.15
1401660,294.0967917948333,294.15
1401690,294.0966034665332,294.15
1401720,294.0964185476284,294.15
1401750,294.09623703885666,294.15
1401780,294.0960589392935,294.15
1401810,294.09588424639435,294.15
1401840,294.09571295604053,294.15
1401870,294.0955450625907,294.15
1401900,294.0953805588282,294.15
1401930,294.09521943618915,294.15
1401960,294.09506168486746,294.15
1401990,294.09490729371294,294.15
1402020,294.0947562503468,294.15
1402050,294.0946085412303,294.15
1402080,294.0944641517332,294.15
1402110,294.0943230662013,294.15
1402140,294.09418526802494,294.15
1402170,294.0940507397064,294.15
1402200,294.0939194643008,294.15
1402230,294.09379302715604,294.15
1402260,294.0936697839368,294.15
1402290,294.093549714185,294.15
1402320,294.09343279689733,294.15
1402350,294.0933190105825,294.15
1402380,294.0932083333179,294.15
1402410,294.0931007428047,294.15
1402440,294.09299621642185,294.15
1402470,294.09289473127643,294.15
1402500,294.09279626425354,294.15
1402530,294.0927007920631,294.15
1402560,294.09260829128425,294.15
1402590,294.0925187384065,294.15
1402620,294.09243210986926,294.15
1402650,294.0923483820976,294.15
1402680,294.09226753153496,294.15
1402710,294.09218953467393,294.15
1402740,294.09211436808283,294.15
1402770,294.09204200842976,294.15
1402800,294.0919724325041,294.15
1402830,294.09190561718157,294.15
1402860,294.09184153967954,294.15
1402890,294.0917801771634,294.15
1402920,294.09172150705797,294.15
1402950,294.09166550697046,294.15
1402980,294.09161215469453,294.15
1403010,294.09156142821234,294.15
1403040,294.0915133056926,294.15
1403070,294.09146776548823,294.15
1403100,294.09142478613046,294.15
1403130,294.09138416777057,294.15
1403160,294.09134562778445,294.15
1403190,294.09130923976613,294.15
1403220,294.0912751693586,294.15
1403250,294.09124351260965,294.15
1403280,294.09121428774444,294.15
1403310,294.09118748988624,294.15
1403340,294.09116310462775,294.15
1403370,294.0911411140755,294.15
1403400,294.09112149902035,294.15
1403430,294.09110423976165,294.15
1403460,294.09108931640526,294.15
1403490,294.09107670896236,294.15
1403520,294.09106639737354,294.15
1403550,294.09105836150457,294.15
1403580,294.09105258113175,294.15
1403610,294.09104903592356,294.15
1403640,294.0910477054218,294.15
1403670,294.09104856902195,294.15
1403700,294.09105160634795,294.15
1403730,294.09105679688207,294.15
1403760,294.0910641188288,294.15
1403790,294.09107355072973,294.15
1403820,294.09108507096306,294.15
1403850,294.09109865768596,294.15
1403880,294.09111428880743,294.15
1403910,294.0911319419723,294.15
1403940,294.0911515945496,294.15
1403970,294.0911732236231,294.15
1404000,294.09119680994877,294.15
1404030,294.0912229260026,294.15
1404060,294.0912505894275,294.15
1404090,294.0912799041187,294.15
1404120,294.09131104756307,294.15
1404150,294.09134403109874,294.15
1404180,294.0913788314391,294.15
1404210,294.09141542214775,294.15
1404240,294.09145377786183,294.15
1404270,294.09149387374384,294.15
1404300,294.091535684874,294.15
1404330,294.0915791859955,294.15
1404360,294.0916243514339,294.15
1404390,294.0916711550718,294.15
1404420,294.0917195703398,294.15
1404450,294.0917695702126,294.15
1404480,294.0918211272093,294.15
1404510,294.09187421339664,294.15
1404540,294.09192880039575,294.15
1404570,294.09198485939174,294.15
1404600,294.09204235908453,294.15
1404630,294.09210127049414,294.15
1404660,294.09216156459655,294.15
1404690,294.0922232111667,294.15
1404720,294.0922861794945,294.15
1404750,294.0923504384863,294.15
1404780,294.0924159567111,294.15
1404810,294.0924827024289,294.15
1404840,294.092550643613,294.15
1404870,294.0926197479697,294.15
1404900,294.09268998429536,294.15
1404930,294.0927618297936,294.15
1404960,294.09283458141715,294.15
1404990,294.092908183197,294.15
1405020,294.0929826434023,294.15
1405050,294.09305802668155,294.15
1405080,294.093134317814,294.15
1405110,294.0932114977327,294.15
1405140,294.09328953693716,294.15
1405170,294.0933684039709,294.15
1405200,294.0934480657681,294.15
1405230,294.0935284887489,294.15
1405260,294.09360963901946,294.15
1405290,294.0936914825425,294.15
1405320,294.09377398519376,294.15
1405350,294.09385711279947,294.15
1405380,294.0939408311571,294.15
1405410,294.09402510605236,294.15
1405440,294.09410990327217,294.15
1405470,294.09419518861813,294.15
1405500,294.0942809286033,294.15
1405530,294.09436709217124,294.15
1405560,294.09445364232215,294.15
1405590,294.0945405444463,294.15
1405620,294.0946277644007,294.15
1405650,294.09471526826417,294.15
1405680,294.0948030222655,294.15
1405710,294.0948909927696,294.15
1405740,294.09497914628264,294.15
1405770,294.0950674494651,294.15
1405800,294.0951558730824,294.15
1405830,294.09524440195173,294.15
1405860,294.0953329497362,294.15
1405890,294.0954214846338,294.15
1405920,294.0955099751382,294.15
1405950,294.095598390055,294.15
1405980,294.0956866985182,294.15
1406010,294.09577487000854,294.15
1406040,294.09586287437253,294.15
1406070,294.0959506818422,294.15
1406100,294.0960382630576,294.15
1406130,294.0961255890886,294.15
1406160,294.09621263145925,294.15
1406190,294.096299362173,294.15
1406220,294.09638575373873,294.15
1406250,294.09647177919834,294.15
1406280,294.0965574121589,294.15
1406310,294.09664262679735,294.15
1406340,294.09672739794286,294.15
1406370,294.0968117010636,294.15
1406400,294.0968955123119,294.15
1406430,294.0969788085523,294.15
1406460,294.09706156740174,294.15
1406490,294.0971437672741,294.15
1406520,294.097225387393,294.15
1406550,294.09730640783516,294.15
1406580,294.09738680956593,294.15
1406610,294.0974665744734,294.15
1406640,294.0975456854041,294.15
1406670,294.09762412619745,294.15
1406700,294.0977021148303,294.15
1406730,294.0977791912212,294.15
1406760,294.0978556499184,294.15
1406790,294.0979314993422,294.15
1406820,294.09800671015444,294.15
1406850,294.09808120863966,294.15
1406880,294.09815497470265,294.15
1406910,294.0982279905228,294.15
1406940,294.0983002460938,294.15
1406970,294.0983717336941,294.15
1407000,294.0984424478811,294.15
1407030,294.0985123848397,294.15
1407060,294.09858154231574,294.15
1407090,294.0986499195441,294.15
1407120,294.0987175172444,294.15
1407150,294.0987843376238,294.15
1407180,294.0988503843853,294.15
1407210,294.0989156627369,294.15
1407240,294.0989801793984,294.15
1407270,294.0990439426063,294.15
1407300,294.0991069618418,294.15
1407330,294.09916924721585,294.15
1407360,294.09923081229056,294.15
1407390,294.0992916714978,294.15
1407420,294.09935184067916,294.15
1407450,294.09941133713244,294.15
1407480,294.09947017961315,294.15
1407510,294.0995283883189,294.15
1407540,294.0995859848674,294.15
1407570,294.09964299226795,294.15
1407600,294.09969943166664,294.15
1407630,294.0959571815679,293.03999999999996
1407660,294.0924852922737,293.03999999999996
1407690,294.08924934965955,293.03999999999996
1407720,294.0862359618895,293.03999999999996
1407750,294.08342066686424,293.03999999999996
1407780,294.08077795233726,293.03999999999996
1407810,294.0782841609246,293.03999999999996
1407840,294.0759180773973,293.03999999999996
1407870,294.07366083279067,293.03999999999996
1407900,294.0714956537607,293.03999999999996
1407930,294.0694076109771,293.03999999999996
1407960,294.0673834008337,293.03999999999996
1407990,294.06541116097316,293.03999999999996
1408020,294.06348031320334,293.03999999999996
1408050,294.0615814277289,293.03999999999996
1408080,294.05970610424424,293.03999999999996
1408110,294.0578468667992,293.03999999999996
1408140,294.05599707025885,293.03999999999996
1408170,294.05415081674255,293.03999999999996
1408200,294.0523028807779,293.03999999999996
1408230,294.0504486421378,293.03999999999996
1408260,294.0485840254853,293.03999999999996
1408290,294.04670544607757,293.03999999999996
1408320,294.0448097608738,293.03999999999996
1408350,294.0428942244756,293.03999999999996
1408380,294.040956449395,293.03999999999996
1408410,294.0389943702054,293.03999999999996
1408440,294.0370062111796,293.03999999999996
1408470,294.03499045706474,293.03999999999996
1408500,294.0329458893467,293.03999999999996
1408530,294.03085931887074,288.15
1408560,294.02874718755675,288.15
1408590,294.02660761705897,288.15
1408620,294.0244374115061,288.15
1408650,294.02223523018785,288.15
1408680,294.020000457087,288.15
1408710,294.0177327858365,288.15
1408740,294.0154320741943,288.15
1408770,294.0130982887999,288.15
1408800,294.01073148067417,288.15
1408830,294.00833177154516,288.15
1408860,294.00589934430883,288.15
1408890,294.0034344353485,288.15
1408920,294.00093732791026,288.15
1408950,293.9984083462276,288.15
1408980,293.9958478502546,288.15
1409010,293.9932562309278,288.15
1409040,293.9906339058997,288.15
1409070,293.9879813156965,288.15
1409100,293.985298919234,288.15
1409130,293.982587192319,288.15
1409160,293.97984662580404,288.15
1409190,293.97707772061875,288.15
1409220,293.9742809863261,288.15
1409250,293.9714569391663,288.15
1409280,293.9686061002673,288.15
1409310,293.96572899403213,288.15
1409340,293.9628261466934,288.15
1409370,293.95989808502327,288.15
1409400,293.95694524996634,288.15
1409430,293.9539584942609,288.15
1409460,293.9509526650672,288.15
1409490,293.94792712557626,288.15
1409520,293.94488041527086,288.15
1409550,293.9418121172691,288.15
1409580,293.93872241264677,288.15
1409610,293.9356116805717,288.15
1409640,293.9324803698717,288.15
1409670,293.9293289505455,288.15
1409700,293.92615789597045,288.15
1409730,293.9229676762444,288.15
1409760,293.9197587556266,288.15
1409790,293.91653159149837,288.15
1409820,293.9132866338992,288.15
1409850,293.91002432529064,288.15
1409880,293.9067451004197,288.15
1409910,293.903449386234,288.15
1409940,293.9001376018274,288.15
1409970,293.8968101584097,288.15
1410000,293.89346745430703,288.15
1410030,293.89010988151233,288.15
1410060,293.8867378348891,288.15
1410090,293.88335169526204,288.15
1410120,293.8799518349153,288.15
1410150,293.87653861813635,288.15
1410180,293.8731124014427,288.15
1410210,293.86967353370534,288.15
1410240,293.8662223562429,288.15
1410270,293.86275920290853,288.15
1410300,293.85928434620394,288.15
1410330,293.8557934889227,288.15
1410360,293.8522937477036,288.15
1410390,293.84878492646897,288.15
1410420,293.84526646071726,288.15
1410450,293.8417381421168,288.15
1410480,293.8382000852105,288.15
1410510,293.8346525009755,288.15
1410540,293.83109563541166,288.15
1410570,293.82752974353934,288.15
1410600,293.82395507992305,288.15
1410630,293.82037189510936,288.15
1410660,293.8167804343469,288.15
1410690,293.8131809371663,288.15
1410720,293.80957363728726,288.15
1410750,293.8059587626482,288.15
1410780,293.8023365354831,288.15
1410810,293.7987071724147,288.15
1410840,293.7950708845544,288.15
1410870,293.79142787760327,288.15
1410900,293.78777834853247,288.15
1410930,293.7841224892213,288.15
1410960,293.7804604956098,288.15
1410990,293.77679255366957,288.15
1411020,293.7731188438537,288.15
1411050,293.76943954159634,288.15
1411080,293.76575481754344,288.15
1411110,293.7620648376923,288.15
1411140,293.75836976349956,288.15
1411170,293.75466975197776,288.15
1411200,293.7509649305775,288.15
1411230,293.74725362272545,288.15
1411260,293.74353882375055,288.15
1411290,293.73982054565056,288.15
1411320,293.7360986677786,288.15
1411350,293.73237319802496,288.15
1411380,293.7286442772339,288.15
1411410,293.72491208173506,288.15
1411440,293.72117679847213,288.15
1411470,293.7174386140823,288.15
1411500,293.7136977110689,288.15
1411530,293.7099542664723,288.15
1411560,293.70620845151666,288.15
1411590,293.7024604316159,288.15
1411620,293.6987103665109,288.15
1411650,293.69495841044795,288.15
1411680,293.69120471236505,288.15
1411710,293.6874494160767,288.15
1411740,293.68369266045056,288.15
1411770,293.6799345795774,288.15
1411800,293.6761753006184,288.15
1411830,293.67241494614643,288.15
1411860,293.66865364112687,288.15
1411890,293.66489150274964,288.15
1411920,293.6611286437193,288.15
1411950,293.6573651726871,288.15
1411980,293.65360119447996,288.15
1412010,293.6498368102563,288.15
1412040,293.6460721176355,288.15
1412070,293.64230721081583,288.15
1412100,293.638542165869,288.15
1412130,293.6347771078377,288.15
1412160,293.6310121304956,288.15
1412190,293.62724729231616,288.15
1412220,293.6234826640007,288.15
1412250,293.6197183211052,288.15
1412280,293.61595433589196,288.15
1412310,293.6121907785855,288.15
1412340,293.6084277170172,288.15
1412370,293.60466521664614,288.15
1412400,293.60090334058066,288.15
1412430,293.597142149632,288.15
1412460,293.59338170237703,288.15
1412490,293.5896220552242,288.15
1412520,293.5858632624803,288.15
1412550,293.58210537641986,288.15
1412580,293.57834844736277,288.15
1412610,293.5745925237709,288.15
1412640,293.5708376523736,288.15
1412670,293.567083878325,288.15
1412700,293.5633312445461,288.15
1412730,293.55957979259153,288.15
1412760,293.5558295656041,288.15
1412790,293.55208060449,288.15
1412820,293.5483329492224,288.15
1412850,293.5445866390171,288.15
1412880,293.5408417123808,288.15
1412910,293.5370982070906,288.15
1412940,293.5333561601256,288.15
1412970,293.52961560757,288.15
1413000,293.52587657881304,288.15
1413030,293.52213982640285,288.15
1413060,293.518404416948,288.15
1413090,293.51467041031833,288.15
1413120,293.51093793019345,288.15
1413150,293.5072070957809,288.15
1413180,293.5034779605968,288.15
1413210,293.4997505625671,288.15
1413240,293.496024930338,288.15
1413270,293.49230108820745,288.15
1413300,293.48857905764226,288.15
1413330,293.4848588579776,288.15
1413360,293.48114050670574,288.15
1413390,293.4774240196242,288.15
1413420,293.47370941093067,288.15
1413450,293.46999669330035,288.15
1413480,293.46628587795897,288.15
1413510,293.4625769747553,288.15
1413540,293.45886999223524,288.15
1413570,293.4551649377159,288.15
1413600,293.4514618172248,288.15
1413630,293.44776063563415,288.15
1413660,293.44406139733536,288.15
1413690,293.44036410550063,288.15
1413720,293.4366687623892,288.15
1413750,293.43297536943624,288.15
1413780,293.42928392732,288.15
1413810,293.4255944360206,288.15
1413840,293.421906894873,288.15
1413870,293.4182213026155,288.15
1413900,293.4145376577882,288.15
1413930,293.41085686936077,288.15
1413960,293.40717773227067,288.15
1413990,293.403500243153,288.15
1414020,293.3998244828631,288.15
1414050,293.39615059147513,288.15
1414080,293.39247859689635,288.15
1414110,293.38880851416945,288.15
1414140,293.38514034469677,288.15
1414170,293.38147408611445,288.15
1414200,293.37780973386,288.15
1414230,293.3741472824373,288.15
1414260,293.3704867257933,288.15
1414290,293.3668280575155,288.15
1414320,293.363171270909,288.15
1414350,293.3595163590346,288.15
1414380,293.3558633147269,288.15
1414410,293.3522121306039,288.15
1414440,293.34856279907353,288.15
1414470,293.3449153123376,288.15
1414500,293.34126966255883,288.15
1414530,293.33762584197564,288.15
1414560,293.3339838416649,288.15
1414590,293.3303436529212,288.15
1414620,293.32670526690583,288.15
1414650,293.32306867460056,288.15
1414680,293.3194338667932,288.15
1414710,293.3158008340712,288.15
1414740,293.31216956681897,288.15
1414770,293.30854005521593,288.15
1414800,293.3049122906987,288.15
1414830,293.30128802248714,288.15
1414860,293.2976662863599,288.15
1414890,293.29404778357855,288.15
1414920,293.2904321103897,288.15
1414950,293.286819537755,288.15
1414980,293.2832102747025,288.15
1415010,293.2796039496925,288.15
1415040,293.27599829398065,288.15
1415070,293.27239580092555,288.15
1415100,293.26879632892764,288.15
1415130,293.2652002145137,288.15
1415160,293.26160649303154,288.15
1415190,293.25801030970285,288.15
1415220,293.25441708653966,288.15
1415250,293.2508263956804,288.15
1415280,293.24723884431745,288.15
1415310,293.2436544664639,288.15
1415340,293.2400733657546,288.15
1415370,293.2364955908465,288.15
1415400,293.2329200576427,288.15
1415430,293.2293412061523,288.15
1415460,293.2257641300715,288.15
1415490,293.2221898382594,288.15
1415520,293.2186186387374,288.15
1415550,293.215050617682,288.15
1415580,293.21148580086594,288.15
1415610,293.20792420436123,288.15
1415640,293.20436584825546,288.15
1415670,293.20081075880717,288.15
1415700,293.1972589634953,288.15
1415730,293.1937120893223,288.15
1415760,293.1901672617824,288.15
1415790,293.18662549481155,288.15
1415820,293.18308677638765,288.15
1415850,293.17955101276016,288.15
1415880,293.1760181699856,288.15
1415910,293.17248870152264,288.15
1415940,293.16896264248146,288.15
1415970,293.165440092717,288.15
1416000,293.16192108416374,288.15
1416030,293.1584056568482,288.15
1416060,293.15489383944293,288.15
1416090,293.1513856611766,288.15
1416120,293.1478811489361,288.15
1416150,293.14438032909004,288.15
1416180,293.1408832264676,288.15
1416210,293.1373898114886,288.15
1416240,293.1338997523112,288.15
1416270,293.1304129450968,288.15
1416300,293.126929690138,288.15
1416330,293.1234501722226,288.15
1416360,293.1199744805564,288.15
1416390,293.1165026470278,288.15
1416420,293.1130346891517,288.15
1416450,293.1095706208143,288.15
1416480,293.10611045543567,288.15
1416510,293.10265420667474,288.15
1416540,293.09920188842045,288.15
1416570,293.0957535146274,288.15
1416600,293.0923090977233,288.15
1416630,293.08887078597695,288.15
1416660,293.0854368598274,288.15
1416690,293.08200606498264,288.15
1416720,293.0785796018731,288.15
1416750,293.0751580274948,288.15
1416780,293.07174167772524,288.15
1416810,293.0683308099853,288.15
1416840,293.0649256517746,288.15
1416870,293.0615264173741,288.15
1416900,293.0581333137032,288.15
1416930,293.05474654243824,288.15
1416960,293.0513663008179,288.15
1416990,293.04799278196776,288.15
1417020,293.0446261750395,288.15
1417050,293.0412666652704,288.15
1417080,293.03791443400405,288.15
1417110,293.03456965868463,288.15
1417140,293.0312325110267,288.15
1417170,293.0279031596019,288.15
1417200,293.0245817694832,288.15
1417230,293.02126850187284,288.15
1417260,293.01796351396865,288.15
1417290,293.0146669589099,288.15
1417320,293.01137898574996,288.15
1417350,293.00809973943575,288.15
1417380,293.0048293607889,288.15
1417410,293.00156798648464,288.15
1417440,292.99831574902987,288.15
1417470,292.99507277673797,288.15
1417500,292.9918391933264,288.15
1417530,292.9886198252515,288.15
1417560,292.9854096211706,288.15
1417590,292.98220627915134,288.15
1417620,292.9790118262011,288.15
1417650,292.9758270042621,288.15
1417680,292.9726521228612,288.15
1417710,292.9694873443001,288.15
1417740,292.9663327787896,288.15
1417770,292.96318851591275,288.15
1417800,292.960054634725,288.15
1417830,292.95693120659917,288.15
1417860,292.95381829541407,288.15
1417890,292.9507159563759,288.15
1417920,292.94762423324886,288.15
1417950,292.9445431515152,288.15
1417980,292.9414726987558,288.15
1418010,292.9384128834283,288.15
1418040,292.9353638957652,288.15
1418070,292.9323259102839,288.15
1418100,292.92929907248333,288.15
1418130,292.92628350253744,288.15
1418160,292.92327929974107,288.15
1418190,292.9202865452897,288.15
1418220,292.917305303085,288.15
1418250,292.9143356170497,288.15
1418280,292.9113774973957,288.15
1418310,292.90843099853714,288.15
1418340,292.9054962079647,288.15
1418370,292.90257318968236,288.15
1418400,292.8996619729859,288.15
1418430,292.89676841071525,288.15
1418460,292.8938865685893,288.15
1418490,292.891012940883,288.15
1418520,292.8881501738799,288.15
1418550,292.88529918836406,288.15
1418580,292.88246031567945,288.15
1418610,292.8796336786537,288.15
1418640,292.8768193185492,288.15
1418670,292.8740172347596,288.15
1418700,292.87122738465376,288.15
1418730,292.8684496553168,288.15
1418760,292.8656841236782,288.15
1418790,292.8629308818471,288.15
1418820,292.86018998627975,288.15
1418850,292.85746143184065,288.15
1418880,292.8547452699915,288.15
1418910,292.852041612021,288.15
1418940,292.8493505458002,288.15
1418970,292.84667213237265,288.15
1419000,292.84400641071954,288.15
1419030,292.84135340245064,288.15
1419060,292.8387131153478,288.15
1419090,292.8360855459578,288.15
1419120,292.83347068154035,288.15
1419150,292.8308685015928,288.15
1419180,292.82827897909783,288.15
1419210,292.82570208158296,288.15
1419240,292.82313777205513,288.15
1419270,292.8205860098461,288.15
1419300,292.81804675205797,288.15
1419330,292.81552610023596,288.15
1419360,292.8130170723183,288.15
1419390,292.81051816298407,288.15
1419420,292.8080294303213,288.15
1419450,292.8055524810966,288.15
1419480,292.80308736653,288.15
1419510,292.80063433198484,288.15
1419540,292.7981933667952,288.15
1419570,292.7957644846259,288.15
1419600,292.7933476596704,288.15
1419630,292.79094287227167,288.15
1419660,292.7885501003397,288.15
1419690,292.7861693269215,288.15
1419720,292.78380053901355,288.15
1419750,292.78144372851204,288.15
1419780,292.77909889146747,288.15
1419810,292.7767660272897,288.15
1419840,292.77444513727505,288.15
1419870,292.7721362226863,288.15
1419900,292.7698392823878,288.15
1419930,292.76755431130266,288.15
1419960,292.76528129472644,288.15
1419990,292.7630202061932,288.15
1420020,292.7607710044366,288.15
1420050,292.7585336312467,288.15
1420080,292.75630801075886,288.15
1420110,292.75409405059355,288.15
1420140,292.75189164485494,288.15
1420170,292.74970067829923,288.15
1420200,292.74752103677423,288.15
1420230,292.74535917189934,288.15
1420260,292.7432112635771,288.15
1420290,292.74107897439137,288.15
1420320,292.73896144354,288.15
1420350,292.73686010808444,288.15
1420380,292.7347761643134,288.15
1420410,292.73271274434836,288.15
1420440,292.7306712432096,288.15
1420470,292.72865320361916,288.15
1420500,292.726659883326,288.15
1420530,292.7246925205901,288.15
1420560,292.72275228487445,288.15
1420590,292.72084031291854,288.15
1420620,292.718957678146,288.15
1420650,292.71710534195427,288.15
1420680,292.7152842380891,288.15
1420710,292.71349528772055,288.15
1420740,292.7117394063698,288.15
1420770,292.7100175036134,288.15
1420800,292.70833052158355,288.15
1420830,292.7066802834801,288.15
1420860,292.7050740963541,288.15
1420890,292.7035302476492,288.15
1420920,292.7020660393294,288.15
1420950,292.70068170165604,288.15
1420980,292.6993721188113,288.15
1421010,292.6981256961088,288.15
1421040,292.69692751477146,288.15
1421070,292.69577125320757,288.15
1421100,292.6946565514495,288.15
1421130,292.6936039587314,288.15
1421160,292.6925883120486,288.15
1421190,292.6916110558591,288.15
1421220,292.6906753572598,288.15
1421250,292.68978459663015,288.15
1421280,292.6889400904344,288.15
1421310,292.688142698313,288.15
1421340,292.6873929717772,288.15
1421370,292.68669132121,288.15
1421400,292.6860380672406,288.15
1421430,292.68543346899827,288.15
1421460,292.6848777373632,288.15
1421490,292.6843710425338,288.15
1421520,292.68391351862334,288.15
1421550,292.68350526672157,288.15
1421580,292.6831463570403,288.15
1421610,292.68283683046735,288.15
1421640,292.68257669971194,288.15
1421670,292.6823659501563,288.15
1421700,292.6822045413497,288.15
1421730,292.68209240787496,288.15
1421760,292.6820294555996,288.15
1421790,292.6820155655256,288.15
1421820,292.6820505933631,288.15
1421850,292.6821343696436,288.15
1421880,292.6822666998394,288.15
1421910,292.6824473644764,288.15
1421940,292.6826903064934,288.15
1421970,292.68297690933946,288.15
1422000,292.6833047758781,288.15
1422030,292.6836993612827,288.15
1422060,292.6841382290761,288.15
1422090,292.6846102325534,288.15
1422120,292.68512457092095,288.15
1422150,292.68568423082615,288.15
1422180,292.6862900936427,288.15
1422210,292.68694230964405,288.15
1422240,292.687640758413,288.15
1422270,292.68838520360646,288.15
1422300,292.6891753453982,288.15
1422330,292.690010838612,288.15
1422360,292.6908912993167,288.15
1422390,292.6918163075108,288.15
1422420,292.6927854084605,288.15
1422450,292.6937981135591,288.15
1422480,292.6948539010003,288.15
1422510,292.69595221636825,288.15
1422540,292.6970924731818,288.15
1422570,292.6982740534047,288.15
1422600,292.69949630793144,288.15
1422630,292.70075855704914,288.15
1422660,292.70206009088014,288.15
1422690,292.7034001698052,288.15
1422720,292.7047780248693,288.15
1422750,292.7061928581708,288.15
1422780,292.70764384323496,288.15
1422810,292.70913012537187,288.15
1422840,292.7106508220204,288.15
1422870,292.7122050230776,288.15
1422900,292.7137918334766,288.15
1422930,292.7154249919047,288.15
1422960,292.7170839060567,288.15
1422990,292.7187676020202,288.15
1423020,292.7204763809559,288.15
1423050,292.7222115582198,288.15
1423080,292.7239725711444,288.15
1423110,292.72575864155425,288.15
1423140,292.72756873968046,288.15
1423170,292.7294017526832,288.15
1423200,292.73125650871634,288.15
1423230,292.73313179898497,288.15
1423260,292.7350263842462,288.15
1423290,292.7369389984763,288.15
1423320,292.73886835037194,288.15
1423350,292.7408131241544,288.15
1423380,292.742771980002,288.15
1423410,292.744743554327,288.15
1423440,292.74672645997566,288.15
1423470,292.748719286388,288.15
1423500,292.7507206318561,288.15
1423530,292.7527291350409,288.15
1423560,292.7547432161252,288.15
1423590,292.7567613541611,288.15
1423620,292.75878201745184,288.15
1423650,292.76080365557607,288.15
1423680,292.7628246967812,288.15
1423710,292.7648435471732,288.15
1423740,292.76685859050355,288.15
1423770,292.7688681881514,288.15
1423800,292.7708709161524,288.15
1423830,292.77286182720485,288.15
1423860,292.774842815293,288.15
1423890,292.776811185842,288.15
1423920,292.77876354000426,288.15
1423950,292.7806974416555,288.15
1423980,292.78261072997964,288.15
1424010,292.7845013369431,288.15
1424040,292.78636725018134,288.15
1424070,292.78820650782063,288.15
1424100,292.7900171980976,288.15
1424130,292.7917974591444,288.15
1424160,292.79354547863613,288.15
1424190,292.7952594934435,288.15
1424220,292.7969377893505,288.15
1424250,292.798578700838,288.15
1424280,292.80018061091255,288.15
1424310,292.8017419509642,288.15
1424340,292.80326120063427,288.15
1424370,292.8047368876852,288.15
1424400,292.80616750101814,288.15
1424430,292.8075516940387,288.15
1424460,292.80888818774145,288.15
1424490,292.8101757101014,288.15
1424520,292.8114130302358,288.15
1424550,292.8125989622271,288.15
1424580,292.81373236624506,288.15
1424610,292.81481214875885,288.15
1424640,292.81583726243423,288.15
1424670,292.8168067059173,288.15
1424700,292.81771956400354,288.15
1424730,292.8185593920749,288.15
1424760,292.8193511957692,288.15
1424790,292.82009012606284,288.15
1424820,292.8207692871076,288.15
1424850,292.82138707414794,288.15
1424880,292.82194306321446,288.15
1424910,292.8224368560707,288.15
1424940,292.8228679530205,288.15
1424970,292.8232358220339,288.15
1425000,292.823539950527,288.15
1425030,292.823779864652,288.15
1425060,292.8239551333314,288.15
1425090,292.82406536800045,288.15
1425120,292.8241102218549,288.15
1425150,292.82408938933406,288.15
1425180,292.8240026057821,288.15
1425210,292.82384964717255,288.15
1425240,292.82363032984483,288.15
1425270,292.82334451023814,288.15
1425300,292.8229920701297,288.15
1425330,292.82257295760917,288.15
1425360,292.8220871544295,288.15
1425390,292.82153467657224,288.15
1425420,292.8209155775893,288.15
1425450,292.8202299490483,288.15
1425480,292.81947724508365,288.15
1425510,292.8186484859523,288.15
1425540,292.8177309603078,288.15
1425570,292.81671366531555,288.15
1425600,292.81558892302144,288.15
1425630,292.8143299049974,288.15
1425660,292.8129686212432,288.15
1425690,292.8115045796176,288.15
1425720,292.8099364071232,288.15
1425750,292.8082688692971,288.15
1425780,292.8065101388769,288.15
1425810,292.8046707640241,288.15
1425840,292.8027631513251,288.15
1425870,292.8007995345512,288.15
1425900,292.79878481252285,288.15
1425930,292.7967196346691,288.15
1425960,292.79460391542364,288.15
1425990,292.79243760559984,288.15
1426020,292.79022087674855,288.15
1426050,292.7879541274126,288.15
1426080,292.7856379458177,288.15
1426110,292.7832730697706,288.15
1426140,292.7808603537719,288.15
1426170,292.77840074411046,288.15
1426200,292.77589526047393,288.15
1426230,292.77334498245403,288.15
1426260,292.7707510396501,288.15
1426290,292.7681146044198,288.15
1426320,292.76543688659046,288.15
1426350,292.76271912963546,288.15
1426380,292.7599626070379,288.15
1426410,292.7571686171948,288.15
1426440,292.75433849045675,288.15
1426470,292.7514735875884,288.15
1426500,292.7485751128254,288.15
1426530,292.74563128654574,288.15
1426560,292.74266285725855,288.15
1426590,292.7396698513328,288.15
1426620,292.73665135399415,288.15
1426650,292.73360754989244,288.15
1426680,292.7305395192119,288.15
1426710,292.72744864679026,288.15
1426740,292.7243364554678,288.15
1426770,292.72120453772106,288.15
1426800,292.71805453024484,288.15
1426830,292.7148881040723,288.15
1426860,292.7117069606985,288.15
1426890,292.7085128305272,288.15
1426920,292.70530747223637,288.15
1426950,292.702092672509,288.15
1426980,292.69887024590673,288.15
1427010,292.69564203479524,288.15
1427040,292.69240990928216,288.15
1427070,292.6891757671508,288.15
1427100,292.6859415029171,288.15
1427130,292.68270904118214,288.15
1427160,292.6794804101428,288.15
1427190,292.67625762459693,288.15
1427220,292.67304272164006,288.15
1427250,292.6698377637687,288.15
1427280,292.66664483980776,288.15
1427310,292.66346606509984,288.15
1427340,292.6603035814445,288.15
1427370,292.6571595569469,288.15
1427400,292.65403581273546,288.15
1427430,292.65093956194397,288.15
1427460,292.6478607129495,288.15
1427490,292.644800167775,288.15
1427520,292.6417594666203,288.15
1427550,292.63873827127907,288.15
1427580,292.635735907454,288.15
1427610,292.63275178528863,288.15
1427640,292.6297854206278,288.15
1427670,292.6268363861783,288.15
1427700,292.6239042783456,288.15
1427730,292.6209887032603,288.15
1427760,292.61808927222535,288.15
1427790,292.61520560041913,288.15
1427820,292.6123373065261,288.15
1427850,292.60948401268666,288.15
1427880,292.60664534464973,288.15
1427910,292.60382093208545,288.15
1427940,292.6010104090108,288.15
1427970,292.5982134142797,288.15
1428000,292.5954295413771,288.15
1428030,292.59265847273156,288.15
1428060,292.58989987927123,288.15
1428090,292.5871534285486,288.15
1428120,292.58441879258714,288.15
1428150,292.58169565002095,288.15
1428180,292.57898368699284,288.15
1428210,292.57628259760446,288.15
1428240,292.5735920841843,288.15
1428270,292.570911857463,288.15
1428300,292.5682416390738,288.15
1428330,292.56558592202504,288.15
1428360,292.56293944760205,288.15
1428390,292.56030196675675,288.15
1428420,292.55767323965824,288.15
1428450,292.55505303540053,288.15
1428480,292.55244113174024,288.15
1428510,292.5498373148523,288.15
1428540,292.5472413790962,288.15
1428570,292.5446531267865,288.15
1428600,292.54207236796776,288.15
1428630,292.5394989201909,288.15
1428660,292.53693260829147,288.15
1428690,292.5343732641704,288.15
1428720,292.5318207265773,288.15
1428750,292.5292748408966,288.15
1428780,292.52673545893924,288.15
1428810,292.52420243873786,288.15
1428840,292.52167564434876,288.15
1428870,292.5191549456601,288.15
1428900,292.5166402182076,288.15
1428930,292.5141313418385,288.15
1428960,292.5116282052726,288.15
1428990,292.50913069870796,288.15
1429020,292.5066387185949,288.15
1429050,292.5041521662405,288.15
1429080,292.5016709476807,288.15
1429110,292.49919497356274,288.15
1429140,292.49672415903933,288.15
1429170,292.49425842367384,288.15
1429200,292.4917976913571,288.15
1429230,292.4893418551478,288.15
1429260,292.4868907820507,288.15
1429290,292.484444342683,288.15
1429320,292.4820024127117,288.15
1429350,292.47956487277673,288.15
1429380,292.4771316084333,288.15
1429410,292.4747025101102,288.15
1429440,292.4722774730765,288.15
1429470,292.469856397414,288.15
1429500,292.4674391879922,288.15
1429530,292.46502575444424,288.15
1429560,292.4626160111407,288.15
1429590,292.460209877162,288.15
1429620,292.4578072762674,288.15
1429650,292.45540813686057,288.15
1429680,292.45301239195135,288.15
1429710,292.4506199791143,288.15
1429740,292.4482308404428,288.15
1429770,292.44584492250027,288.15
1429800,292.4434621762679,288.15
1429830,292.44108255708943,288.15
1429860,292.438706024614,288.15
1429890,292.43633254273544,288.15
1429920,292.4339620795309,288.15
1429950,292.43159460719716,288.15
1429980,292.42923010198643,288.15
1430010,292.4268685441405,288.15
1430040,292.4245099178251,288.15
1430070,292.42215421106357,288.15
1430100,292.4198014156709,288.15
1430130,292.41745152665897,288.15
1430160,292.4151045438186,288.15
1430190,292.41276046994943,288.15
1430220,292.41041930129717,288.15
1430250,292.40808099629083,288.15
1430280,292.4057455243704,288.15
1430310,292.4034128701617,288.15
1430340,292.4010830312137,288.15
1430370,292.3987560161464,288.15
1430400,292.3964318431372,288.15
1430430,292.39411053866627,288.15
1430460,292.39179213646537,288.15
1430490,292.3894766766281,288.15
1430520,292.38716420485423,288.15
1430550,292.384854771805,288.15
1430580,292.3825484325523,288.15
1430610,292.38024524611023,288.15
1430640,292.3779452750374,288.15
1430670,292.3756485851029,288.15
1430700,292.3733552450085,288.15
1430730,292.37106532616116,288.15
1430760,292.36877890249275,288.15
1430790,292.36649605032073,288.15
1430820,292.36421684824757,288.15
1430850,292.3619413770954,288.15
1430880,292.3596697198723,288.15
1430910,292.35740196176846,288.15
1430940,292.3551381901792,288.15
1430970,292.35287849475117,288.15
1431000,292.3506215811651,288.15
1431030,292.3483702745041,288.15
1431060,292.3461217712887,288.15
1431090,292.3438770001351,288.15
1431120,292.3416362650154,288.15
1431150,292.3393996630379,288.15
1431180,292.33716722383963,288.15
1431210,292.33493895571314,288.15
1431240,292.33271486060823,288.15
1431270,292.33049493881975,288.15
1431300,292.3282791903148,288.15
1431330,292.326067615003,288.15
1431360,292.3238602127036,288.15
1431390,292.32165698304607,288.15
1431420,292.31945792537584,288.15
1431450,292.3172630386793,288.15
1431480,292.3150723215293,288.15
1431510,292.3128857720469,288.15
1431540,292.31070338787606,288.15
1431570,292.3085251661662,288.15
1431600,292.3063511035623,288.15
1431630,292.30418119619753,288.15
1431660,292.30201543968906,288.15
1431690,292.29985382913446,288.15
1431720,292.29769635910833,288.15
1431750,292.2955430236579,288.15
1431780,292.293393816298,288.15
1431810,292.2912487300039,288.15
1431840,292.2891077572024,288.15
1431870,292.2869708897612,288.15
1431900,292.2848381189975,288.15
1431930,292.2827114749716,288.15
1431960,292.2805889003083,288.15
1431990,292.2784703843241,288.15
1432020,292.27635591543526,288.15
1432050,292.27424548122605,288.15
1432080,292.2721390684866,288.15
1432110,292.27003666322696,288.15
1432140,292.26793825067665,288.15
1432170,292.2658438152729,288.15
1432200,292.2637533406412,288.15
1432230,292.26166680957,288.15
1432260,292.2595842039812,288.15
1432290,292.25750550489727,288.15
1432320,292.25543069240655,288.15
1432350,292.2533597456262,288.15
1432380,292.2512926426648,288.15
1432410,292.24922936058374,288.15
1432440,292.2471698753584,288.15
1432470,292.2451141618396,288.15
1432500,292.2430621937152,288.15
1432530,292.2410139434726,288.15
1432560,292.2389693823617,288.15
1432590,292.23692848035955,288.15
1432620,292.2348912061361,288.15
1432650,292.2328575270217,288.15
1432680,292.23082740897655,288.15
1432710,292.22880081656194,288.15
1432740,292.22677771291467,288.15
1432770,292.22475805972306,288.15
1432800,292.2227406697258,288.15
1432830,292.22072766387384,288.15
1432860,292.2187176263025,288.15
1432890,292.21671030606296,288.15
1432920,292.214705468842,288.15
1432950,292.2127028958681,288.15
1432980,292.2107023829026,288.15
1433010,292.2087037392836,288.15
1433040,292.20670678702845,288.15
1433070,292.2047113599939,288.15
1433100,292.202717303094,288.15
1433130,292.20072447146197,288.15
1433160,292.1987327301998,288.15
1433190,292.1967419531437,288.15
1433220,292.1947520226647,288.15
1433250,292.1927628290391,288.15
1433280,292.1907742699457,288.15
1433310,292.1887862499979,288.15
1433340,292.18679868030983,288.15
1433370,292.1848114780903,288.15
1433400,292.18282456626554,288.15
1433430,292.18083787297496,288.15
1433460,292.17885133179846,288.15
1433490,292.17686488069035,288.15
1433520,292.1748784621403,288.15
1433550,292.17289202280665,288.15
1433580,292.17090551326066,288.15
1433610,292.16891888774853,288.15
1433640,292.16693210396613,288.15
1433670,292.1649451228481,288.15
1433700,292.16295795165144,288.15
1433730,292.1609704215018,288.15
1433760,292.15898259846324,288.15
1433790,292.15699452646686,288.15
1433820,292.15500609606374,288.15
1433850,292.15301725517566,288.15
1433880,292.1510279749766,288.15
1433910,292.14903823636337,288.15
1433940,292.14704802468395,288.15
1433970,292.14505732769715,288.15
1434000,292.1430661347682,288.15
1434030,292.1410744365314,288.15
1434060,292.1390822247238,288.15
1434090,292.1370894920824,288.15
1434120,292.1350962322646,288.15
1434150,292.13310243977685,288.15
1434180,292.1311081099081,288.15
1434210,292.12911323866444,288.15
1434240,292.1271178227067,288.15
1434270,292.1251218592889,288.15
1434300,292.1231253461999,288.15
1434330,292.12112828170496,288.15
1434360,292.11913066449085,288.15
1434390,292.11713249361225,288.15
1434420,292.11513376843965,288.15
1434450,292.11313448860943,288.15
1434480,292.11113465397585,288.15
1434510,292.1091342645646,288.15
1434540,292.10713332052813,288.15
1434570,292.1051318221029,288.15
1434600,292.103129769568,288.15
1434630,292.101126961353,288.15
1434660,292.0991237325726,288.15
1434690,292.0971201397815,288.15
1434720,292.0951162396283,288.15
1434750,292.0931120892388,288.15
1434780,292.0911077464842,288.15
1434810,292.089103270167,288.15
1434840,292.0870987201482,288.15
1434870,292.08509415743265,288.15
1434900,292.08308964422304,288.15
1434930,292.08108524395084,288.15
1434960,292.07908102129045,288.15
1434990,292.07707704216085,288.15
1435020,292.0750733737176,288.15
1435050,292.0730700843384,288.15
1435080,292.07106724360347,288.15
1435110,292.06906492227256,288.15
1435140,292.06706319225987,288.15
1435170,292.0650621266064,288.15
1435200,292.06306179945307,288.15
1435230,292.06106228587146,288.15
1435260,292.05906366245756,288.15
1435290,292.05706600627775,288.15
1435320,292.05506939559024,288.15
1435350,292.0530739096142,288.15
1435380,292.05107962850434,288.15
1435410,292.0490866333254,288.15
1435440,292.0470950060278,288.15
1435470,292.04510482942453,288.15
1435500,292.0431161871686,288.15
1435530,292.0411291634292,288.15
1435560,292.03914384389304,288.15
1435590,292.0371597356648,288.15
1435620,292.03517730547236,288.15
1435650,292.0331967694035,288.15
1435680,292.0312182591601,288.15
1435710,292.0292418783206,288.15
1435740,292.0272677213852,288.15
1435770,292.0252958802218,288.15
1435800,292.0233264462441,288.15
1435830,292.02135951114394,288.15
1435860,292.01939516713134,288.15
1435890,292.01743350700764,288.15
1435920,292.01547462418193,288.15
1435950,292.01351861266835,288.15
1435980,292.01156556707735,288.15
1436010,292.0096155826049,288.15
1436040,292.0076687550219,288.15
1436070,292.0057251806639,288.15
1436100,292.00378495642127,288.15
1436130,292.00184817973036,288.15
1436160,291.9999149765607,288.15
1436190,291.99798712073084,288.15
1436220,291.9960629717152,288.15
1436250,291.9941426323769,288.15
1436280,291.9922262058291,288.15
1436310,291.99031379545136,288.15
1436340,291.9884055049071,288.15
1436370,291.98650143816076,288.15
1436400,291.9846016651995,288.15
1436430,291.982706247937,288.15
1436460,291.98081502852625,288.15
1436490,291.97892787921586,288.15
1436520,291.977044667477,288.15
1436550,291.97516525627714,288.15
1436580,291.97328950442244,288.15
1436610,291.97141726695475,288.15
1436640,291.9695483955873,288.15
1436670,291.9676827391685,288.15
1436700,291.9658201441631,288.15
1436730,291.9639604551421,288.15
1436760,291.96210351527463,288.15
1436790,291.96024916681404,288.15
1436820,291.95839725157646,288.15
1436850,291.9565476114043,288.15
1436880,291.95470008861423,288.15
1436910,291.9528545264266,288.15
1436940,291.9510107693733,288.15
1436970,291.9491686636848,288.15
1437000,291.9473280576542,288.15
1437030,291.9454888019782,288.15
1437060,291.9436507500754,288.15
1437090,291.9418137583815,288.15
1437120,291.939977686622,288.15
1437150,291.9381423980631,288.15
1437180,291.9363077597414,288.15
1437210,291.9344736426733,288.15
1437240,291.9326399220446,288.15
1437270,291.9308064773825,288.15
1437300,291.92897318481374,288.15
1437330,291.9271400103562,288.15
1437360,291.9253067718918,288.15
1437390,291.92347336811514,288.15
1437420,291.92163970263584,288.15
1437450,291.91980568407064,288.15
1437480,291.9179712261197,288.15
1437510,291.916136247629,288.15
1437540,291.9143006726431,288.15
1437570,291.91246443044577,288.15
1437600,291.9106274555939,288.15
1437630,291.9087896879422,288.15
1437660,291.9069510726616,288.15
1437690,291.9051115602509,288.15
1437720,291.9032711065426,288.15
1437750,291.90142967270447,288.15
1437780,291.8995872252351,288.15
1437810,291.89774373595657,288.15
1437840,291.8958991820024,288.15
1437870,291.89405354580265,288.15
1437900,291.89220681506606,288.15
1437930,291.89035898275887,288.15
1437960,291.88851004708187,288.15
1437990,291.88666001144503,288.15
1438020,291.8848088844401,288.15
1438050,291.8829566798114,288.15
1438080,291.88110341642596,288.15
1438110,291.8792491182412,288.15
1438140,291.87739381427195,288.15
1438170,291.8755375385572,288.15
1438200,291.8736806552515,288.15
1438230,291.8718226147233,288.15
1438260,291.86996385507786,288.15
1438290,291.8681045049595,288.15
1438320,291.86624469206345,288.15
1438350,291.86438454412644,288.15
1438380,291.8625241896332,288.15
1438410,291.8606637583233,288.15
1438440,291.8588033815556,288.15
1438470,291.85694319256834,288.15
1438500,291.85508332666456,288.15
1438530,291.85322392134003,288.15
1438560,291.8513651163697,288.15
1438590,291.8495070538619,288.15
1438620,291.8476498782884,288.15
1438650,291.8457937364973,288.15
1438680,291.84393877771095,288.15
1438710,291.8420851534431,288.15
1438740,291.84023301779666,288.15
1438770,291.83838252692027,288.15
1438800,291.836533839357,288.15
1438830,291.8346871158092,288.15
1438860,291.83284251953853,288.15
1438890,291.831000215676,288.15
1438920,291.8291603716399,288.15
1438950,291.827323156995,288.15
1438980,291.82548874342524,288.15
1439010,291.8236573047091,288.15
1439040,291.82182901669853,288.15
1439070,291.82000405729934,288.15
1439100,291.81818142856577,288.15
1439130,291.81636366276575,288.15
1439160,291.8145497693006,288.15
1439190,291.81273993506704,288.15
1439220,291.8109343487047,288.15
1439250,291.8091332006826,288.15
1439280,291.8073366833639,288.15
1439310,291.80554499105676,288.15
1439340,291.80375832005893,288.15
1439370,291.80197686869906,288.15
1439400,291.8002008373794,288.15
1439430,291.7984304286185,288.15
1439460,291.7966658470983,288.15
1439490,291.7949072997152,288.15
1439520,291.79315499563495,288.15
1439550,291.7914091463542,288.15
1439580,291.78966996576634,288.15
1439610,291.7879376702341,288.15
1439640,291.7862124786691,288.15
1439670,291.78449461261687,288.15
1439700,291.7827842963501,288.15
1439730,291.78108175683525,288.15
1439760,291.7793872242695,288.15
1439790,291.77770093171347,288.15
1439820,291.77602311542694,288.15
1439850,291.77435401497564,288.15
1439880,291.7726938733728,288.15
1439910,291.77104293722914,288.15
1439940,291.7694014569121,288.15
1439970,291.7677696867152,288.15
1440000,291.76614788503775,288.15
1440030,291.7645362195373,288.15
1440060,291.76293403397847,288.15
1440090,291.7613407399888,288.15
1440120,291.75975669291984,288.15
1440150,291.7581833316448,288.15
1440180,291.75662101515115,288.15
1440210,291.75507018763017,288.15
1440240,291.7535311383008,288.15
1440270,291.75200416090377,288.15
1440300,291.7504895293788,288.15
1440330,291.74898752040906,288.15
1440360,291.7474984116086,288.15
1440390,291.7460224850264,288.15
1440420,291.7445600274035,288.15
1440450,291.74311133102754,288.15
1440480,291.74167669417454,288.15
1440510,291.7402564216379,288.15
1440540,291.73885082522617,288.15
1440570,291.73746022429265,288.15
1440600,291.7360849416708,288.15
1440630,291.7347252756959,288.15
1440660,291.7333816029158,288.15
1440690,291.7320542857155,288.15
1440720,291.73074369209655,288.15
1440750,291.72945019960304,288.15
1440780,291.72817419710555,288.15
1440810,291.7269160858816,288.15
1440840,291.72567628047534,288.15
1440870,291.7244552701154,288.15
1440900,291.723254025056,288.15
1440930,291.7220813458862,288.15
1440960,291.7209275577144,288.15
1440990,291.719794515849,288.15
1441020,291.7186846670689,288.15
1441050,291.7175980455125,288.15
1441080,291.7165337593598,288.15
1441110,291.71549038090336,288.15
1441140,291.71446607725693,288.15
1441170,291.713458706089,288.15
1441200,291.7124659234772,288.15
1441230,291.7114853088492,288.15
1441260,291.7105145031393,288.15
1441290,291.7095513545282,288.15
1441320,291.70859406618933,288.15
1441350,291.70764134161186,288.15
1441380,291.70669252524294,288.15
1441410,291.7057477392701,288.15
1441440,291.7048080212304,288.15
1441470,291.70387525487166,288.15
1441500,291.70295078876484,288.15
1441530,291.70203491160214,288.15
1441560,291.7011275608394,288.15
1441590,291.70022865622485,288.15
1441620,291.699338114507,288.15
1441650,291.6984558595795,288.15
1441680,291.69758182322926,288.15
1441710,291.69671594359613,288.15
1441740,291.6958581634341,288.15
1441770,291.6950084286526,288.15
1441800,291.6941666899591,288.15
1441830,291.6933364590517,288.15
1441860,291.69251301741826,288.15
1441890,291.69169568930465,288.15
1441920,291.6908838379587,288.15
1441950,291.69007685807304,288.15
1441980,291.68927417035417,288.15
1442010,291.6884752175821,288.15
1442040,291.68767946173,288.15
1442070,291.6868863818469,288.15
1442100,291.6860954724964,288.15
1442130,291.6853062426027,288.15
1442160,291.6845182145962,288.15
1442190,291.6837309237802,288.15
1442220,291.68294391785776,288.15
1442250,291.6821567565754,288.15
1442280,291.6813690114481,288.15
1442310,291.68058026553774,288.15
1442340,291.6797901132659,288.15
1442370,291.67899816024084,288.15
1442400,291.67820402308837,288.15
1442430,291.6774073299937,288.15
1442460,291.67660771748683,288.15
1442490,291.6758048349374,288.15
1442520,291.67499834100767,288.15
1442550,291.6741879051239,288.15
1442580,291.67337320327533,288.15
1442610,291.67255392362944,288.15
1442640,291.6717297618603,288.15
1442670,291.67090042169696,288.15
1442700,291.670065614298,288.15
1442730,291.66922527402875,288.15
1442760,291.6683798650457,288.15
1442790,291.66752911362016,288.15
1442820,291.6666724727089,288.15
1442850,291.6658092913308,288.15
1442880,291.6649392134158,288.15
1442910,291.6640619267003,288.15
1442940,291.66317715088337,288.15
1442970,291.6622846118398,288.15
1443000,291.66138403457387,288.15
1443030,291.660475138141,288.15
1443060,291.6595576323657,288.15
1443090,291.6586312148063,288.15
1443120,291.657695567656,288.15
1443150,291.65675035437084,288.15
1443180,291.65579521594117,288.15
1443210,291.65482976675264,288.15
1443240,291.6538535899964,288.15
1443270,291.65286623259453,288.15
1443300,291.65186721135285,288.15
1443330,291.6508562608352,288.15
1443360,291.6498351118714,288.15
1443390,291.6488091506942,288.15
1443420,291.6477813624711,288.15
1443450,291.6467507867676,288.15
1443480,291.6457128358759,288.15
1443510,291.64466006568773,288.15
1443540,291.64358309276156,288.15
1443570,291.6424715297577,288.15
1443600,291.64131638314694,288.15
1443630,291.64009833699487,288.15
1443660,291.6388219058357,288.15
1443690,291.6374761839677,288.15
1443720,291.6360548829633,288.15
1443750,291.6345550517593,288.15
1443780,291.6329763147965,288.15
1443810,291.63132098757524,288.15
1443840,291.62959396579174,288.15
1443870,291.6278028574974,288.15
1443900,291.6259541319721,288.15
1443930,291.6240511814557,288.15
1443960,291.6220957490353,288.15
1443990,291.6200892141104,288.15
1444020,291.61803306758384,288.15
1444050,291.6159289345695,288.15
1444080,291.61377849620374,288.15
1444110,291.61158344057833,288.15
1444140,291.6093454486463,288.15
1444170,291.6070661938973,288.15
1444200,291.6047473428414,288.15
1444230,291.6023905543144,288.15
1444260,291.59999747675545,288.15
1444290,291.5975697456013,288.15
1444320,291.59510898087797,288.15
1444350,291.5926167849965,288.15
1444380,291.5900947407124,288.15
1444410,291.58754440922837,288.15
1444440,291.5849673284363,288.15
1444470,291.58236501130216,288.15
1444500,291.5797389450803,288.15
1444530,291.57708110925716,288.15
1444560,291.5744064024786,288.15
1444590,291.5717154704039,288.15
1444620,291.569008316053,288.15
1444650,291.56628505650514,288.15
1444680,291.56354662771537,288.15
1444710,291.5607941282519,288.15
1444740,291.55802872737286,288.15
1444770,291.5552515984464,288.15
1444800,291.5524638975765,288.15
1444830,291.5496667539058,288.15
1444860,291.54686126575257,288.15
1444890,291.5440484989547,288.15
1444920,291.5412294862042,288.15
1444950,291.53840522683913,288.15
1444980,291.53557668687904,288.15
1445010,291.5327447992115,288.15
1445040,291.52991046388775,288.15
1445070,291.52707454850594,288.15
1445100,291.52423787049895,288.15
1445130,291.5214012049147,288.15
1445160,291.51856536602304,288.15
1445190,291.51573110359664,288.15
1445220,291.51289913340196,288.15
1445250,291.5100701409483,288.15
1445280,291.5072447833048,288.15
1445310,291.5044236903037,288.15
1445340,291.50160746557,288.15
1445370,291.49879668752135,288.15
1445400,291.4959918231634,288.15
1445430,291.49319500307183,288.15
1445460,291.49040349497875,288.15
1445490,291.48761778173173,288.15
1445520,291.48483856280757,288.15
1445550,291.48206596336354,288.15
1445580,291.4792999918641,288.15
1445610,291.4765406685096,288.15
1445640,291.473788035976,288.15
1445670,291.4710421480052,288.15
1445700,291.4683030610706,288.15
1445730,291.4655708307405,288.15
1445760,291.4628455103857,288.15
1445790,291.46012715070276,288.15
1445820,291.45741579947617,288.15
1445850,291.45471150143646,288.15
1445880,291.4520142981867,288.15
1445910,291.4493242281866,288.15
1445940,291.44664132678156,288.15
1445970,291.4439656262641,288.15
1446000,291.4412971599223,288.15
1446030,291.438635951472,288.15
1446060,291.43598202329224,288.15
1446090,291.4333353960386,288.15
1446120,291.4306960880145,288.15
1446150,291.4280641150996,288.15
1446180,291.425439490778,288.15
1446210,291.42282222619605,288.15
1446240,291.4202123302248,288.15
1446270,291.41760969276163,288.15
1446300,291.41501405191696,288.15
1446330,291.4124287527172,288.15
1446360,291.4098499570937,288.15
1446390,291.40727827576677,288.15
1446420,291.4047146903002,288.15
1446450,291.4021602298113,288.15
1446480,291.39961522056996,288.15
1446510,291.39707956259275,288.15
1446540,291.3945528656085,288.15
1446570,291.3920349059547,288.15
1446600,291.38952551098276,288.15
1446630,291.3870245320738,288.15
1446660,291.3845318344865,288.15
1446690,291.3820472917728,288.15
1446720,291.37957078292834,288.15
1446750,291.3771021907626,288.15
1446780,291.3746414009139,288.15
1446810,291.37218830121293,288.15
1446840,291.36974278125865,288.15
1446870,291.3673047321297,288.15
1446900,291.3648740485954,288.15
1446930,291.36245063053616,288.15
1446960,291.36003436535975,288.15
1446990,291.35762514743624,288.15
1447020,291.3552228730209,288.15
1447050,291.3528274396838,288.15
1447080,291.3504387461318,288.15
1447110,291.3480566921661,288.15
1447140,291.3456811786855,288.15
1447170,291.3433121077054,288.15
1447200,291.3409493963733,288.15
1447230,291.33859603679446,288.15
1447260,291.3362488203519,288.15
1447290,291.33390769388177,288.15
1447320,291.3315726029084,288.15
1447350,291.32924349296496,288.15
1447380,291.32692031085656,288.15
1447410,291.32460300557887,288.15
1447440,291.3222915287439,288.15
1447470,291.319985834513,288.15
1447500,291.31768587913837,288.15
1447530,291.315391620255,288.15
1447560,291.3131030160584,288.15
1447590,291.31082002448125,288.15
1447620,291.30854260244615,288.15
1447650,291.3062707052427,288.15
1447680,291.3040042860504,288.15
1447710,291.3017432956125,288.15
1447740,291.2994876820528,288.15
1447770,291.2972373908201,288.15
1447800,291.2949923647419,288.15
1447830,291.29275254416723,288.15
1447860,291.2905178671796,288.15
1447890,291.28828826986216,288.15
1447920,291.2860636865986,288.15
1447950,291.2838440503965,288.15
1447980,291.28162929322207,288.15
1448010,291.2794193463352,288.15
1448040,291.2772141406186,288.15
1448070,291.27501360689547,288.15
1448100,291.2728176762291,288.15
1448130,291.27062627486555,288.15
1448160,291.26843934086673,288.15
1448190,291.26625680759867,288.15
1448220,291.2640786096508,288.15
1448250,291.261904683024,288.15
1448280,291.25973496529514,288.15
1448310,291.25756939575933,288.15
1448340,291.25540791554954,288.15
1448370,291.2532504677365,288.15
1448400,291.25109699740915,288.15
1448430,291.2489474517381,288.15
1448460,291.2468017800219,288.15
1448490,291.24465993371973,288.15
1448520,291.24252186647027,288.15
1448550,291.24038753409883,288.15
1448580,291.23825689461376,288.15
1448610,291.2361299081944,288.15
1448640,291.23400653717005,288.15
1448670,291.23188674599226,288.15
1448700,291.2297705012017,288.15
1448730,291.2276577713894,288.15
1448760,291.22554852715393,288.15
1448790,291.22344274105603,288.15
1448820,291.22134038756917,288.15
1448850,291.2192414430294,288.15
1448880,291.2171458855831,288.15
1448910,291.2150536951341,288.15
1448940,291.2129648532898,288.15
1448970,291.21087934330774,288.15
1449000,291.2087960452234,288.15
1449030,291.2067171467303,288.15
1449060,291.2046414761202,288.15
1449090,291.2025689837599,288.15
1449120,291.20049962290614,288.15
1449150,291.198433349218,288.15
1449180,291.19637012038936,288.15
1449210,291.19430989586533,288.15
1449240,291.1922526366202,288.15
1449270,291.1901983049808,288.15
1449300,291.1881468644839,288.15
1449330,291.18609827975934,288.15
1449360,291.18405251643424,288.15
1449390,291.18200954105146,288.15
1449420,291.17996932100175,288.15
1449450,291.1779318244654,288.15
1449480,291.17589702036213,288.15
1449510,291.1738648783071,288.15
1449540,291.1718353685725,288.15
1449570,291.1698084620541,288.15
1449600,291.16778413024053,288.15
1449630,291.16576234518584,288.15
1449660,291.1637430794856,288.15
1449690,291.1617263062534,288.15
1449720,291.1597119991015,288.15
1449750,291.15770013212074,288.15
1449780,291.15569067986394,288.15
1449810,291.1536836173291,288.15
1449840,291.1516789199444,288.15
1449870,291.1496765635542,288.15
1449900,291.1476757483961,288.15
1449930,291.14567800653504,288.15
1449960,291.14368253600026,288.15
1449990,291.1416893141368,288.15
1450020,291.1396983186486,288.15
1450050,291.13770952758864,288.15
1450080,291.13572291935,288.15
1450110,291.133738472657,288.15
1450140,291.1317561665573,288.15
1450170,291.129775980414,288.15
1450200,291.1277978938984,288.15
1450230,291.1258218869827,288.15
1450260,291.12384793993397,288.15
1450290,291.12187603330756,288.15
1450320,291.1199061479415,288.15
1450350,291.1179382649507,288.15
1450380,291.11597236572203,288.15
1450410,291.11400843190927,288.15
1450440,291.1120464454285,288.15
1450470,291.11008638845385,288.15
1450500,291.1081282434136,288.15
1450530,291.10617199298576,288.15
1450560,291.1042176200955,288.15
1450590,291.10226510791097,288.15
1450620,291.1003144398406,288.15
1450650,291.0983655995304,288.15
1450680,291.0964185708609,288.15
1450710,291.09447333794526,288.15
1450740,291.09252988512617,288.15
1450770,291.0905881969747,288.15
1450800,291.0886476709993,288.15
1450830,291.08670939897775,288.15
1450860,291.08477265271245,288.15
1450890,291.0828373033382,288.15
1450920,291.0809032342735,288.15
1450950,291.0789703402212,288.15
1450980,291.07703852621535,288.15
1451010,291.07510770671945,288.15
1451040,291.0731778047765,288.15
1451070,291.07124875121224,288.15
1451100,291.0693204838915,288.15
1451130,291.0673929470253,288.15
1451160,291.0654660905284,288.15
1451190,291.06353986942406,288.15
1451220,291.06161424329594,288.15
1451250,291.0596891757816,288.15
1451280,291.0577646341086,288.15
1451310,291.0558405886686,288.15
1451340,291.05391701262795,288.15
1451370,291.0519938815723,288.15
1451400,291.0500711731829,288.15
1451430,291.04814886694277,288.15
1451460,291.04622694387007,288.15
1451490,291.0443053862771,288.15
1451520,291.0423841775529,288.15
1451550,291.0404633019683,288.15
1451580,291.0385427445001,288.15
1451610,291.0366224906751,288.15
1451640,291.03470252643064,288.15
1451670,291.0327828379915,288.15
1451700,291.0308632990159,288.15
1451730,291.0289440869746,288.15
1451760,291.027025113905,288.15
1451790,291.02510636595366,288.15
1451820,291.02318782915137,288.15
1451850,291.02126948936586,288.15
1451880,291.0193513322661,288.15
1451910,291.0174333432966,288.15
1451940,291.01551550766203,288.15
1451970,291.013597810326,288.15
1452000,291.0116802360234,288.15
1452030,291.00976276929345,288.15
1452060,291.0078453945389,288.15
1452090,291.00592809612795,288.15
1452120,291.0040108585647,288.15
1452150,291.00209366679326,288.15
1452180,291.00017650679627,288.15
1452210,290.9982593670562,288.15
1452240,290.99634224510834,288.15
1452270,290.9944251221426,288.15
1452300,290.9925079406702,288.15
1452330,290.9905906589287,288.15
1452360,290.98867323972337,288.15
1452390,290.98675564816506,288.15
1452420,290.9848378507348,288.15
1452450,290.9829198147703,288.15
1452480,290.9810015081411,288.15
1452510,290.9790828990214,288.15
1452540,290.9771639557234,288.15
1452570,290.9752446465682,288.15
1452600,290.9733250571013,288.15
1452630,290.9714048983695,288.15
1452660,290.96948441798077,288.15
1452690,290.9675634830529,288.15
1452720,290.96564202800926,288.15
1452750,290.9637200107277,288.15
1452780,290.96179739690183,288.15
1452810,290.95987415447314,288.15
1452840,290.95795025165114,288.15
1452870,290.95602565620953,288.15
1452900,290.95410033523785,288.15
1452930,290.9521742550542,288.15
1452960,290.9502473811775,288.15
1452990,290.94831967832033,288.15
1453020,290.94639111039083,288.15
1453050,290.94446164049657,288.15
1453080,290.9425312309511,288.15
1453110,290.9405998432807,288.15
1453140,290.9386674382319,288.15
1453170,290.93673397577885,288.15
1453200,290.9347994151317,288.15
1453230,290.93286371474505,288.15
1453260,290.93092683232607,288.15
1453290,290.9289887248442,288.15
1453320,290.9270493485401,288.15
1453350,290.9251086589353,288.15
1453380,290.9231666108428,288.15
1453410,290.9212231583773,288.15
1453440,290.9192782549665,288.15
1453470,290.91733185336295,288.15
1453500,290.9153839057586,288.15
1453530,290.9134335796593,288.15
1453560,290.91148214393945,288.15
1453590,290.9095291927301,288.15
1453620,290.9075745562525,288.15
1453650,290.9056181435943,288.15
1453680,290.90365988992096,288.15
1453710,290.9016997387671,288.15
1453740,290.89973763610675,288.15
1453770,290.89777352837723,288.15
1453800,290.895807361832,288.15
1453830,290.8938390823399,288.15
1453860,290.8918686353351,288.15
1453890,290.8898959658172,288.15
1453920,290.88792101836935,288.15
1453950,290.88594373718274,288.15
1453980,290.8839640660826,288.15
1454010,290.8819819485564,288.15
1454040,290.8799973277826,288.15
1454070,290.8780101466592,288.15
1454100,290.8760203478344,288.15
1454130,290.87402787373634,288.15
1454160,290.872032666604,288.15
1454190,290.8700346685188,288.15
1454220,290.86803382143614,288.15
1454250,290.86603006721776,288.15
1454280,290.8640233476642,288.15
1454310,290.8620136045481,288.15
1454340,290.8600007796474,288.15
1454370,290.85798481477923,288.15
1454400,290.8559656519581,288.15
1454430,290.8578390092722,294.15
1454460,290.859457845449,294.15
1454490,290.86089386115896,294.15
1454520,290.8621989012467,294.15
1454550,290.8634116218113,294.15
1454580,290.86456170691326,294.15
1454610,290.86567256775936,294.15
1454640,290.8667629302107,294.15
1454670,290.86784807771403,294.15
1454700,290.8689407168655,294.15
1454730,290.87005133790353,294.15
1454760,290.87118862597606,294.15
1454790,290.8723598238438,294.15
1454820,290.87357092050934,294.15
1454850,290.8748268204829,294.15
1454880,290.8761314797066,294.15
1454910,290.8774880290223,294.15
1454940,290.87889888460074,294.15
1454970,290.88036583488633,294.15
1455000,290.8818901183836,294.15
1455030,290.8834725032848,294.15
1455060,290.8851133682107,294.15
1455090,290.886812775619,294.15
1455120,290.8885705302846,294.15
1455150,290.89038622316684,294.15
1455180,290.89225926614245,294.15
1455210,290.89418892199774,294.15
1455240,290.8961743312568,294.15
1455270,290.8982145358955,294.15
1455300,290.90030849881066,294.15
1455330,290.9024569478315,294.15
1455360,290.90465501713504,294.15
1455390,290.9069031824164,294.15
1455420,290.90920040586866,294.15
1455450,290.9115455454255,294.15
1455480,290.91393741699153,294.15
1455510,290.91637482720995,294.15
1455540,290.91885658726187,294.15
1455570,290.92138152058436,294.15
1455600,290.92394846797777,294.15
1455630,290.9265562913829,294.15
1455660,290.92920387680994,294.15
1455690,290.9318901366313,294.15
1455720,290.9346140113552,294.15
1455750,290.9373744709617,294.15
1455780,290.94017051586405,294.15
1455810,290.94300117755085,294.15
1455840,290.9458655189536,294.15
1455870,290.94876263458326,294.15
1455900,290.95169165046906,294.15
1455930,290.95465172393335,294.15
1455960,290.9576420432288,294.15
1455990,290.96066182706227,294.15
1456020,290.96371032402703,294.15
1456050,290.9667868119613,294.15
1456080,290.96989059724854,294.15
1456110,290.9730210140748,294.15
1456140,290.9761774236538,294.15
1456170,290.97935921343014,294.15
1456200,290.9825658791481,294.15
1456230,290.98580192396474,294.15
1456260,290.9890591626767,294.15
1456290,290.9923375172026,294.15
1456320,290.99563786988654,294.15
1456350,290.9989602133278,294.15
1456380,291.00230425256507,294.15
1456410,291.0056696082727,294.15
1456440,291.0090558850387,294.15
1456470,291.01246269402316,294.15
1456500,291.0158896601975,294.15
1456530,291.01933642437973,294.15
1456560,291.0228026435227,294.15
1456590,291.0262879904277,294.15
1456620,291.02979215328,294.15
1456650,291.0333148351415,294.15
1456680,291.0368557534459,294.15
1456710,291.0404146395132,294.15
1456740,291.0439912380871,294.15
1456770,291.04758530689804,294.15
1456800,291.0511966162518,294.15
1456830,291.0548249486428,294.15
1456860,291.0584700983937,294.15
1456890,291.06213187131874,294.15
1456920,291.0658100844122,294.15
1456950,291.06950456556126,294.15
1456980,291.07321515328266,294.15
1457010,291.07694169648437,294.15
1457040,291.08068405425104,294.15
1457070,291.08444209565437,294.15
1457100,291.08821571122695,294.15
1457130,291.092008239738,294.15
1457160,291.09581459979717,294.15
1457190,291.09963470998537,294.15
1457220,291.1034694943945,294.15
1457250,291.10731922063525,294.15
1457280,291.11118393965427,294.15
1457310,291.11506363514184,294.15
1457340,291.1189582743659,294.15
1457370,291.1228678255709,294.15
1457400,291.1267922640616,294.15
1457430,291.1307315744965,294.15
1457460,291.13468575195986,294.15
1457490,291.13865480270624,294.15
1457520,291.1426387449084,294.15
1457550,291.14663760956086,294.15
1457580,291.1506514416483,294.15
1457610,291.15468030170825,294.15
1457640,291.15872426798086,294.15
1457670,291.16278343946885,294.15
1457700,291.16685794050716,294.15
1457730,291.17094792807444,294.15
1457760,291.1750536048396,294.15
1457790,291.17917524792364,294.15
1457820,291.1833132794394,294.15
1457850,291.1874681579218,294.15
1457880,291.19163960820595,294.15
1457910,291.19582755302895,294.15
1457940,291.20003153322523,294.15
1457970,291.2042509648437,294.15
1458000,291.20848542812104,294.15
1458030,291.21273796415954,294.15
1458060,291.2170030359462,294.15
1458090,291.2212799727978,294.15
1458120,291.22556954954996,294.15
1458150,291.22987166087836,294.15
1458180,291.2341855300971,294.15
1458210,291.23851040295494,294.15
1458240,291.2428456550849,294.15
1458270,291.24719084196647,294.15
1458300,291.25154519638573,294.15
1458330,291.25590795066245,294.15
1458360,291.2602784260946,294.15
1458390,291.26465602721265,294.15
1458420,291.2690402256942,294.15
1458450,291.2734305466669,294.15
1458480,291.277826558499,294.15
1458510,291.2822278652724,294.15
1458540,291.2866341011085,294.15
1458570,291.29104492577346,294.15
1458600,291.2954600211858,294.15
1458630,291.29987908858527,294.15
1458660,291.30430184620064,294.15
1458690,291.3087280273062,294.15
1458720,291.3131573785854,294.15
1458750,291.3175896587442,294.15
1458780,291.32202463732756,294.15
1458810,291.3264620937043,294.15
1458840,291.3309018161927,294.15
1458870,291.3353436013035,294.15
1458900,291.3397872548291,294.15
1458930,291.34423307555505,294.15
1458960,291.34868004328257,294.15
1458990,291.3531281350282,294.15
1459020,291.35757735072286,294.15
1459050,291.3620275545246,294.15
1459080,291.3664785855235,294.15
1459110,291.37093028512504,294.15
1459140,291.37538250061084,294.15
1459170,291.3798350843865,294.15
1459200,291.38428789320477,294.15
1459230,291.38874078775297,294.15
1459260,291.39319363242873,294.15
1459290,291.39764629518095,294.15
1459320,291.40209864737324,294.15
1459350,291.40655056365813,294.15
1459380,291.4110019218601,294.15
1459410,291.41545260286546,294.15
1459440,291.41990249052014,294.15
1459470,291.42435147153293,294.15
1459500,291.4287994267918,294.15
1459530,291.43324625225364,294.15
1459560,291.4376918468988,294.15
1459590,291.44213610886345,294.15
1459620,291.44657893817225,294.15
1459650,291.45102023704237,294.15
1459680,291.45545990994253,294.15
1459710,291.45989786357023,294.15
1459740,291.4643340068046,294.15
1459770,291.46876825065067,294.15
1459800,291.4732005112814,294.15
1459830,291.4776299367927,294.15
1459860,291.4820575582902,294.15
1459890,291.48648320668906,294.15
1459920,291.49090659841204,294.15
1459950,291.49532761268256,294.15
1459980,291.49974616503596,294.15
1460010,291.50416217976806,294.15
1460040,291.50857558419693,294.15
1460070,291.5129863075092,294.15
1460100,291.5173942805204,294.15
1460130,291.52179943560554,294.15
1460160,291.5262017066577,294.15
1460190,291.53060102905056,294.15
1460220,291.5349973396022,294.15
1460250,291.53939057653827,294.15
1460280,291.5437806794564,294.15
1460310,291.5481675892922,294.15
1460340,291.55255124828534,294.15
1460370,291.5569315999468,294.15
1460400,291.561308587527,294.15
1460430,291.56568215715197,294.15
1460460,291.57005225715625,294.15
1460490,291.5744188360213,294.15
1460520,291.57878184322,294.15
1460550,291.5831412292759,294.15
1460580,291.5874969457663,294.15
1460610,291.59184894530654,294.15
1460640,291.59619718152817,294.15
1460670,291.6005416090562,294.15
1460700,291.60488218629035,294.15
1460730,291.6092173023321,294.15
1460760,291.61354916899836,294.15
1460790,291.61787757780735,294.15
1460820,291.6222021472647,294.15
1460850,291.626522719265,294.15
1460880,291.63083921510747,294.15
1460910,291.63515158314146,294.15
1460940,291.6394597812907,294.15
1460970,291.6437637712015,294.15
1461000,291.6480635162796,294.15
1461030,291.6523589810254,294.15
1461060,291.65665013080184,294.15
1461090,291.660936931747,294.15
1461120,291.66521935073376,294.15
1461150,291.66949735534604,294.15
1461180,291.673770913861,294.15
1461210,291.6780399952325,294.15
1461240,291.68230456907605,294.15
1461270,291.6865646056543,294.15
1461300,291.69082007592675,294.15
1461330,291.69507095142956,294.15
1461360,291.6993172042083,294.15
1461390,291.70355880696684,294.15
1461420,291.7077957329983,294.15
1461450,291.7120279561675,294.15
1461480,291.71625545089773,294.15
1461510,291.720478192159,294.15
1461540,291.7246961554564,294.15
1461570,291.7289093168197,294.15
1461600,291.7331176565199,294.15
1461630,291.73731904267925,294.15
1461660,291.7415163897964,294.15
1461690,291.7457095204602,294.15
1461720,291.74989806846156,294.15
1461750,291.75408179812433,294.15
1461780,291.75826061770977,294.15
1461810,291.762434478173,294.15
1461840,291.76660334805763,294.15
1461870,291.7707672025208,294.15
1461900,291.77492601941094,294.15
1461930,291.77907977777966,294.15
1461960,291.78322845732976,294.15
1461990,291.78737203821174,294.15
1462020,291.79151050095066,294.15
1462050,291.7956438264207,294.15
1462080,291.7997719958382,294.15
1462110,291.80389499076125,294.15
1462140,291.80801279309094,294.15
1462170,291.812125385074,294.15
1462200,291.81623274959765,294.15
1462230,291.82033486989144,294.15
1462260,291.8244317287291,294.15
1462290,291.82852330967864,294.15
1462320,291.8326095967178,294.15
1462350,291.8366905741984,294.15
1462380,291.84076622683506,294.15
1462410,291.84483653970096,294.15
1462440,291.84890149822706,294.15
1462470,291.852961088201,294.15
1462500,291.8570152980484,294.15
1462530,291.8610616228771,294.15
1462560,291.8651033795329,294.15
1462590,291.86914049615245,294.15
1462620,291.87317268758846,294.15
1462650,291.87719959922606,294.15
1462680,291.8812211310954,294.15
1462710,291.88523722595255,294.15
1462740,291.8892478563632,294.15
1462770,291.8932530044142,294.15
1462800,291.89725265677134,294.15
1462830,291.9012468020352,294.15
1462860,291.90523542982294,294.15
1462890,291.9092185303697,294.15
1462920,291.9131960943739,294.15
1462950,291.917168112932,294.15
1462980,291.92113457751105,294.15
1463010,291.92509547993535,294.15
1463040,291.9290508123794,294.15
1463070,291.933000567363,294.15
1463100,291.9369447378864,294.15
1463130,291.94088331741335,294.15
1463160,291.9448162990741,294.15
1463190,291.94874367666824,294.15
1463220,291.95266544437334,294.15
1463250,291.9565815967114,294.15
1463280,291.9604921285347,294.15
1463310,291.96439703502017,294.15
1463340,291.9682963116652,294.15
1463370,291.97218995428517,294.15
1463400,291.97607795956935,294.15
1463430,291.9799576025616,294.15
1463460,291.9838323223456,294.15
1463490,291.98770225527164,294.15
1463520,291.99156723731977,294.15
1463550,291.9954267653171,294.15
1463580,291.9992807530511,294.15
1463610,292.00312912701776,294.15
1463640,292.0069718660735,294.15
1463670,292.01080895760435,294.15
1463700,292.0146403966658,294.15
1463730,292.0184661805756,294.15
1463760,292.0222863081095,294.15
1463790,292.0261007787434,294.15
1463820,292.0299095924558,294.15
1463850,292.0337127496095,294.15
1463880,292.03751025091003,294.15
1463910,292.0413020973841,294.15
1463940,292.0450882903696,294.15
1463970,292.0488688315103,294.15
1464000,292.0526437226872,294.15
1464030,292.0564129658715,294.15
1464060,292.06017656376747,294.15
1464090,292.0639345192419,294.15
1464120,292.0676868354362,294.15
1464150,292.0714335157773,294.15
1464180,292.07517456397954,294.15
1464210,292.07890998404366,294.15
1464240,292.08263978025576,294.15
1464270,292.08636395718554,294.15
1464300,292.0900825190401,294.15
1464330,292.0937926866109,294.15
1464360,292.0974977279192,294.15
1464390,292.10119809887465,294.15
1464420,292.10489375334475,294.15
1464450,292.1085840328867,294.15
1464480,292.1122688886927,294.15
1464510,292.11594821964246,294.15
1464540,292.1196220161929,294.15
1464570,292.12329026740224,294.15
1464600,292.12695297670916,294.15
1464630,292.1306101485949,294.15
1464660,292.1342617900775,294.15
1464690,292.1379079087461,294.15
1464720,292.1415485128491,294.15
1464750,292.145183610993,294.15
1464780,292.14881321213295,294.15
1464810,292.15243732552267,294.15
1464840,292.1560559607077,294.15
1464870,292.15966912751503,294.15
1464900,292.16327683589486,294.15
1464930,292.1668790948729,294.15
1464960,292.17047591611345,294.15
1464990,292.1740673107766,294.15
1465020,292.17765329013315,294.15
1465050,292.18123386566845,294.15
1465080,292.1848090491144,294.15
1465110,292.1883788524589,294.15
1465140,292.1919432879479,294.15
1465170,292.1955023680842,294.15
1465200,292.19905610457533,294.15
1465230,292.2026019410307,294.15
1465260,292.2061430769132,294.15
1465290,292.20968004242343,294.15
1465320,292.2132128917352,294.15
1465350,292.21674111519985,294.15
1465380,292.2202647640016,294.15
1465410,292.22378383295876,294.15
1465440,292.22729839579665,294.15
1465470,292.23080851778855,294.15
1465500,292.2343142714003,294.15
1465530,292.2378157240585,294.15
1465560,292.2413129401309,294.15
1465590,292.2448059794972,294.15
1465620,292.2482948980857,294.15
1465650,292.2517797479902,294.15
1465680,292.25526057784145,294.15
1465710,292.25873743311104,294.15
1465740,292.26221035642925,294.15
1465770,292.265679387875,294.15
1465800,292.26914456478676,294.15
1465830,292.2726059187587,294.15
1465860,292.2760634875143,294.15
1465890,292.2795173042947,294.15
1465920,292.2829674003263,294.15
1465950,292.28641380541774,294.15
1465980,292.28985654826135,294.15
1466010,292.2932956566272,294.15
1466040,292.29673115751143,294.15
1466070,292.30016307726225,294.15
1466100,292.3035914397007,294.15
1466130,292.30701458898864,294.15
1466160,292.31043473885666,294.15
1466190,292.31385191660115,294.15
1466220,292.3172660081925,294.15
1466250,292.3206767864313,294.15
1466280,292.32408422068056,294.15
1466310,292.32748830110296,294.15
1466340,292.3308890405259,294.15
1466370,292.33428645760483,294.15
1466400,292.33768057428165,294.15
1466430,292.341071413756,294.15
1466460,292.34445899992556,294.15
1466490,292.34784335711464,294.15
1466520,292.35122450999006,294.15
1466550,292.3546024835341,294.15
1466580,292.3579773030435,294.15
1466610,292.3613489941367,294.15
1466640,292.36471758276514,294.15
1466670,292.368083095225,294.15
1466700,292.3714455575305,294.15
1466730,292.374804995037,294.15
1466760,292.37816143689815,294.15
1466790,292.3815149112186,294.15
1466820,292.3848654463047,294.15
1466850,292.38821307081525,294.15
1466880,292.39155781382146,294.15
1466910,292.3948997048378,294.15
1466940,292.39823877384515,294.15
1466970,292.4015750513129,294.15
1467000,292.404908563587,294.15
1467030,292.4082379724238,294.15
1467060,292.41156494986205,294.15
1467090,292.4148896778496,294.15
1467120,292.41821216623447,294.15
1467150,292.4215321592254,294.15
1467180,292.4248496632645,294.15
1467210,292.42816466939155,294.15
1467240,292.4314772054514,294.15
1467270,292.4347873010781,294.15
1467300,292.43809499214217,294.15
1467330,292.44140031627734,294.15
1467360,292.4447033132118,294.15
1467390,292.4480040242863,294.15
1467420,292.45130249259734,294.15
1467450,292.45459876310906,294.15
1467480,292.4578928828853,294.15
1467510,292.4611849013727,294.15
1467540,292.4644748707615,294.15
1467570,292.4677628464363,294.15
1467600,292.47104888652666,294.15
1467630,292.4743330485138,294.15
1467660,292.4776154065576,294.15
1467690,292.4808960374752,294.15
1467720,292.48417502574256,294.15
1467750,292.48745246648264,294.15
1467780,292.4907284693377,294.15
1467810,292.49400316442916,294.15
1467840,292.497276712721,294.15
1467870,292.5005493272374,294.15
1467900,292.5038212745825,294.15
1467930,292.5070931948667,294.15
1467960,292.5103645498728,294.15
1467990,292.5136345188271,294.15
1468020,292.5169025992484,294.15
1468050,292.52016842761833,294.15
1468080,292.5234317260837,294.15
1468110,292.52669227678996,294.15
1468140,292.5299499068139,294.15
1468170,292.53320447825615,294.15
1468200,292.53645588123675,294.15
1468230,292.53970402868987,294.15
1468260,292.54294885235583,294.15
1468290,292.54619029961253,294.15
1468320,292.5494283309212,294.15
1468350,292.55266291773535,294.15
1468380,292.5558940407684,294.15
1468410,292.5591216885455,294.15
1468440,292.56234585618313,294.15
1468470,292.5655665443553,294.15
1468500,292.56878375841256,294.15
1468530,292.5719975204273,294.15
1468560,292.5752078162659,294.15
1468590,292.57841467524963,294.15
1468620,292.5816181148244,294.15
1468650,292.584818154344,294.15
1468680,292.58801481464207,294.15
1468710,292.5912081177251,294.15
1468740,292.59439808650797,294.15
1468770,292.5975847445851,294.15
1468800,292.60076811603335,294.15
